ID,Classification,ADF,ADF_p-value,ADF-99%,ADF-95%,ADF-90%,Stationary?,Stationary?,Stationary?,KPSS-S,KPSS_p-value,KPSS-99%,KPSS-97.5%,KPSS-95%,KPSS-90%,Tr. Stationary?,Tr. Stationary?,Tr. Stationary?,Tr. Stationary?
5155,1,"-10,4358330571",1.5673486471821276e-18,"-3,4306100281","-2,8616549246","-2,566831171",Yes,Yes,Yes,"2,0704093872","0,01","0,739","0,574","0,463","0,347",Yes,Yes,Yes,Yes
2458,1,"-17,3722786319",5.129447416584784e-30,"-3,4306100281","-2,8616549246","-2,566831171",Yes,Yes,Yes,"1,3017459381","0,01","0,739","0,574","0,463","0,347",Yes,Yes,Yes,Yes
3979,1,"-21,0631576301",0,"-3,4306100281","-2,8616549246","-2,566831171",Yes,Yes,Yes,"0,9202189579","0,01","0,739","0,574","0,463","0,347",Yes,Yes,Yes,Yes
3286,1,"-15,7949375258",1.0910571708462042e-28,"-3,4306100178","-2,86165492","-2,5668311686",Yes,Yes,Yes,"2,1485152843","0,01","0,739","0,574","0,463","0,347",Yes,Yes,Yes,Yes
1480,1,"-10,0423704941",1.4846472488558747e-17,"-3,4306100281","-2,8616549246","-2,566831171",Yes,Yes,Yes,"3,2096080294","0,01","0,739","0,574","0,463","0,347",Yes,Yes,Yes,Yes
6584,1,"-9,8897493228",3.58411339313707e-17,"-3,4306100281","-2,8616549246","-2,566831171",Yes,Yes,Yes,"0,5796179535","0,024489277","0,739","0,574","0,463","0,347",Yes,Yes,Yes,Yes
4804,1,"-8,6915030216",4.02902166416126e-14,"-3,4306100281","-2,8616549246","-2,566831171",Yes,Yes,Yes,"0,912986168","0,01","0,739","0,574","0,463","0,347",Yes,Yes,Yes,Yes
1014,1,"-12,4314145562",3.9327618858739865e-23,"-3,4306100178","-2,86165492","-2,5668311686",Yes,Yes,Yes,"2,3762186855","0,01","0,739","0,574","0,463","0,347",Yes,Yes,Yes,Yes
1199,1,"-13,5615721562",2.304646723422493e-25,"-3,4306100281","-2,8616549246","-2,566831171",Yes,Yes,Yes,"0,4289538329","0,064675072","0,739","0,574","0,463","0,347",Yes,Yes,Yes,Yes
2387,1,"-17,3049210675",5.599507906715222e-30,"-3,4306100281","-2,8616549246","-2,566831171",Yes,Yes,Yes,"2,602724809","0,01","0,739","0,574","0,463","0,347",Yes,Yes,Yes,Yes
2679,1,"-13,3621543458",5.40119566025297e-25,"-3,4306100281","-2,8616549246","-2,566831171",Yes,Yes,Yes,"1,3869311617","0,01","0,739","0,574","0,463","0,347",Yes,Yes,Yes,Yes
1234,1,"-12,0139507087",3.13384610756585e-22,"-3,4306100281","-2,8616549246","-2,566831171",Yes,Yes,Yes,"1,3458518107","0,01","0,739","0,574","0,463","0,347",Yes,Yes,Yes,Yes
6479,1,"-19,6803755553",0,"-3,4306100281","-2,8616549246","-2,566831171",Yes,Yes,Yes,"3,3862906802","0,01","0,739","0,574","0,463","0,347",Yes,Yes,Yes,Yes
2023,1,"-7,5687018295",2.8794763387234333e-11,"-3,4306100281","-2,8616549246","-2,566831171",Yes,Yes,Yes,"6,5653745523","0,01","0,739","0,574","0,463","0,347",Yes,Yes,Yes,Yes
6577,1,"-12,5409886345",2.3148350282907863e-23,"-3,4306100281","-2,8616549246","-2,566831171",Yes,Yes,Yes,"0,5045653811","0,0406384277","0,739","0,574","0,463","0,347",Yes,Yes,Yes,Yes
6000,1,"-16,8671156707",1.0882853261143261e-29,"-3,4306100281","-2,8616549246","-2,566831171",Yes,Yes,Yes,"0,4930294798","0,0432366037","0,739","0,574","0,463","0,347",Yes,Yes,Yes,Yes
2036,1,"-16,0596712899",5.656916537824149e-29,"-3,4306100281","-2,8616549246","-2,566831171",Yes,Yes,Yes,"2,6936937689","0,01","0,739","0,574","0,463","0,347",Yes,Yes,Yes,Yes
3981,1,"-10,2526391481",4.444260356261228e-18,"-3,4306100281","-2,8616549246","-2,566831171",Yes,Yes,Yes,"2,0197943951","0,01","0,739","0,574","0,463","0,347",Yes,Yes,Yes,Yes
5057,1,"-7,748063097",1.019342467737309e-11,"-3,4306100281","-2,8616549246","-2,566831171",Yes,Yes,Yes,"2,4439248749","0,01","0,739","0,574","0,463","0,347",Yes,Yes,Yes,Yes
6390,1,"-14,1457039444",2.2061690412142207e-26,"-3,4306100281","-2,8616549246","-2,566831171",Yes,Yes,Yes,"3,1925925875","0,01","0,739","0,574","0,463","0,347",Yes,Yes,Yes,Yes
1697,1,"-17,1404292037",7.050975238259028e-30,"-3,4306100281","-2,8616549246","-2,566831171",Yes,Yes,Yes,"0,4134865064","0,0713420231","0,739","0,574","0,463","0,347",Yes,Yes,Yes,Yes
3256,1,"-14,0487200708",3.205932328009006e-26,"-3,4306100281","-2,8616549246","-2,566831171",Yes,Yes,Yes,"2,0649055517","0,01","0,739","0,574","0,463","0,347",Yes,Yes,Yes,Yes
4229,1,"-17,7183481772",3.4772865789245776e-30,"-3,4306100281","-2,8616549246","-2,566831171",Yes,Yes,Yes,"0,9675209783","0,01","0,739","0,574","0,463","0,347",Yes,Yes,Yes,Yes
5964,1,"-12,4749304645",3.1838724862549285e-23,"-3,4306100281","-2,8616549246","-2,566831171",Yes,Yes,Yes,"9,4089121706","0,01","0,739","0,574","0,463","0,347",Yes,Yes,Yes,Yes
2512,1,"-16,2524206103",3.634234795940057e-29,"-3,4306100281","-2,8616549246","-2,566831171",Yes,Yes,Yes,"0,3158958276","0,1","0,739","0,574","0,463","0,347",Yes,Yes,Yes,No
7343,1,"-11,4353767594",6.366964517695859e-21,"-3,4306100281","-2,8616549246","-2,566831171",Yes,Yes,Yes,"1,7749278261","0,01","0,739","0,574","0,463","0,347",Yes,Yes,Yes,Yes
1382,1,"-9,802731032",5.935677123179359e-17,"-3,4306100281","-2,8616549246","-2,566831171",Yes,Yes,Yes,"3,1849957379","0,01","0,739","0,574","0,463","0,347",Yes,Yes,Yes,Yes
7341,1,"-15,9163796719",8.015696077418207e-29,"-3,4306100281","-2,8616549246","-2,566831171",Yes,Yes,Yes,"1,1325588168","0,01","0,739","0,574","0,463","0,347",Yes,Yes,Yes,Yes
7356,1,"-18,2359187139",2.3611874975838562e-30,"-3,4306100281","-2,8616549246","-2,566831171",Yes,Yes,Yes,"0,1745471864","0,1","0,739","0,574","0,463","0,347",Yes,Yes,Yes,No
7013,1,"-15,5194128197",2.293833222929731e-28,"-3,4306100281","-2,8616549246","-2,566831171",Yes,Yes,Yes,"1,38344247","0,01","0,739","0,574","0,463","0,347",Yes,Yes,Yes,Yes
6846,1,"-11,8986553051",5.643056343934677e-22,"-3,4306100178","-2,86165492","-2,5668311686",Yes,Yes,Yes,"2,130734231","0,01","0,739","0,574","0,463","0,347",Yes,Yes,Yes,Yes
3455,1,"-10,8383259273",1.6402268611306753e-19,"-3,4306100281","-2,8616549246","-2,566831171",Yes,Yes,Yes,"2,442280907","0,01","0,739","0,574","0,463","0,347",Yes,Yes,Yes,Yes
1701,1,"-10,1128808156",9.896689489057641e-18,"-3,4306100281","-2,8616549246","-2,566831171",Yes,Yes,Yes,"1,695104642","0,01","0,739","0,574","0,463","0,347",Yes,Yes,Yes,Yes
7340,1,"-17,9171330889",2.9151850730156285e-30,"-3,4306100178","-2,86165492","-2,5668311686",Yes,Yes,Yes,"1,0539297049","0,01","0,739","0,574","0,463","0,347",Yes,Yes,Yes,Yes
1840,1,"-11,9472315256",4.401134075137686e-22,"-3,4306100281","-2,8616549246","-2,566831171",Yes,Yes,Yes,"3,2191554232","0,01","0,739","0,574","0,463","0,347",Yes,Yes,Yes,Yes
3448,1,"-12,4270525831",4.0171451264624707e-23,"-3,4306100281","-2,8616549246","-2,566831171",Yes,Yes,Yes,"1,9494434086","0,01","0,739","0,574","0,463","0,347",Yes,Yes,Yes,Yes
2698,1,"-6,0538318791",1.2589392419165223e-07,"-3,4306100178","-2,86165492","-2,5668311686",Yes,Yes,Yes,"3,1289323063","0,01","0,739","0,574","0,463","0,347",Yes,Yes,Yes,Yes
6444,1,"-17,2781985841",5.8039823199575406e-30,"-3,4306100281","-2,8616549246","-2,566831171",Yes,Yes,Yes,"3,7444415818","0,01","0,739","0,574","0,463","0,347",Yes,Yes,Yes,Yes
6274,1,"-12,1077327319",1.9512949555479992e-22,"-3,4306100281","-2,8616549246","-2,566831171",Yes,Yes,Yes,"3,5285700117","0,01","0,739","0,574","0,463","0,347",Yes,Yes,Yes,Yes
4469,1,"-14,534749116",5.2613126854316845e-27,"-3,4306100281","-2,8616549246","-2,566831171",Yes,Yes,Yes,"1,70537779","0,01","0,739","0,574","0,463","0,347",Yes,Yes,Yes,Yes
4924,1,"-8,8687791976",1.4165334768942687e-14,"-3,4306100281","-2,8616549246","-2,566831171",Yes,Yes,Yes,"2,0134661848","0,01","0,739","0,574","0,463","0,347",Yes,Yes,Yes,Yes
7188,1,"-16,1561716986",4.51568032554811e-29,"-3,4306100281","-2,8616549246","-2,566831171",Yes,Yes,Yes,"0,5947458173","0,0231140166","0,739","0,574","0,463","0,347",Yes,Yes,Yes,Yes
2347,1,"-12,6440523419",1.414371524129811e-23,"-3,4306100281","-2,8616549246","-2,566831171",Yes,Yes,Yes,"1,6641980463","0,01","0,739","0,574","0,463","0,347",Yes,Yes,Yes,Yes
1986,1,"-13,7979912711",8.677154371599851e-26,"-3,4306100281","-2,8616549246","-2,566831171",Yes,Yes,Yes,"0,8774016468","0,01","0,739","0,574","0,463","0,347",Yes,Yes,Yes,Yes
2561,1,"-17,3214724145",5.478174696509689e-30,"-3,4306100281","-2,8616549246","-2,566831171",Yes,Yes,Yes,"2,7265827344","0,01","0,739","0,574","0,463","0,347",Yes,Yes,Yes,Yes
2567,1,"-10,320070377",3.0252597568845682e-18,"-3,4306100281","-2,8616549246","-2,566831171",Yes,Yes,Yes,"1,7485784759","0,01","0,739","0,574","0,463","0,347",Yes,Yes,Yes,Yes
1349,1,"-12,8189639931",6.212222256823631e-24,"-3,4306100281","-2,8616549246","-2,566831171",Yes,Yes,Yes,"0,6400358098","0,0189967446","0,739","0,574","0,463","0,347",Yes,Yes,Yes,Yes
6571,1,"-16,9679029658",9.20501998684974e-30,"-3,4306100281","-2,8616549246","-2,566831171",Yes,Yes,Yes,"0,8526550339","0,01","0,739","0,574","0,463","0,347",Yes,Yes,Yes,Yes
4612,1,"-12,6566649677",1.3321470457550752e-23,"-3,4306100281","-2,8616549246","-2,566831171",Yes,Yes,Yes,"8,9974513877","0,01","0,739","0,574","0,463","0,347",Yes,Yes,Yes,Yes
3628,1,"-9,5884685459",2.0665436332001962e-16,"-3,4306100281","-2,8616549246","-2,566831171",Yes,Yes,Yes,"1,0151980577","0,01","0,739","0,574","0,463","0,347",Yes,Yes,Yes,Yes
6232,1,"-17,2343485586",6.1639973949510784e-30,"-3,4306100281","-2,8616549246","-2,566831171",Yes,Yes,Yes,"1,1955723346","0,01","0,739","0,574","0,463","0,347",Yes,Yes,Yes,Yes
4676,1,"-14,4324739586",7.590261721049485e-27,"-3,4306100281","-2,8616549246","-2,566831171",Yes,Yes,Yes,"4,523501587","0,01","0,739","0,574","0,463","0,347",Yes,Yes,Yes,Yes
4785,1,"-13,095146681",1.755583390205862e-24,"-3,4306100281","-2,8616549246","-2,566831171",Yes,Yes,Yes,"1,8288846607","0,01","0,739","0,574","0,463","0,347",Yes,Yes,Yes,Yes
2438,1,"-12,9458505959",3.4571637789677196e-24,"-3,4306100281","-2,8616549246","-2,566831171",Yes,Yes,Yes,"4,5793910695","0,01","0,739","0,574","0,463","0,347",Yes,Yes,Yes,Yes
7387,1,"-18,6142393535",2.0638827940455216e-30,"-3,4306100281","-2,8616549246","-2,566831171",Yes,Yes,Yes,"0,1673254718","0,1","0,739","0,574","0,463","0,347",Yes,Yes,Yes,No
6068,1,"-18,1731933491",2.44393885869387e-30,"-3,4306100281","-2,8616549246","-2,566831171",Yes,Yes,Yes,"0,6836707649","0,0150299305","0,739","0,574","0,463","0,347",Yes,Yes,Yes,Yes
1372,1,"-12,3117629854",7.065729223226338e-23,"-3,4306100281","-2,8616549246","-2,566831171",Yes,Yes,Yes,"0,2672679467","0,1","0,739","0,574","0,463","0,347",Yes,Yes,Yes,No
1700,1,"-13,6156081769",1.8376368405795429e-25,"-3,4306100281","-2,8616549246","-2,566831171",Yes,Yes,Yes,"1,4241524093","0,01","0,739","0,574","0,463","0,347",Yes,Yes,Yes,Yes
5563,1,"-12,7642604407",8.020522719811884e-24,"-3,4306100281","-2,8616549246","-2,566831171",Yes,Yes,Yes,"3,1361301215","0,01","0,739","0,574","0,463","0,347",Yes,Yes,Yes,Yes
1584,1,"-17,2328592646",6.176788049121175e-30,"-3,4306100281","-2,8616549246","-2,566831171",Yes,Yes,Yes,"1,1194751737","0,01","0,739","0,574","0,463","0,347",Yes,Yes,Yes,Yes
1537,1,"-9,9442182636",2.6154800819020548e-17,"-3,4306100281","-2,8616549246","-2,566831171",Yes,Yes,Yes,"1,191808462","0,01","0,739","0,574","0,463","0,347",Yes,Yes,Yes,Yes
3009,1,"-12,7835005533",7.329841388480651e-24,"-3,4306100281","-2,8616549246","-2,566831171",Yes,Yes,Yes,"1,849014826","0,01","0,739","0,574","0,463","0,347",Yes,Yes,Yes,Yes
5278,1,"-12,8723466956",4.849287362272666e-24,"-3,4306100281","-2,8616549246","-2,566831171",Yes,Yes,Yes,"11,2161069946","0,01","0,739","0,574","0,463","0,347",Yes,Yes,Yes,Yes
4031,1,"-15,1870306351",6.084275054724149e-28,"-3,4306100178","-2,86165492","-2,5668311686",Yes,Yes,Yes,"1,435739021","0,01","0,739","0,574","0,463","0,347",Yes,Yes,Yes,Yes
7324,1,"-9,1896212583",2.140782337161742e-15,"-3,4306100281","-2,8616549246","-2,566831171",Yes,Yes,Yes,"3,1620009476","0,01","0,739","0,574","0,463","0,347",Yes,Yes,Yes,Yes
5717,1,"-10,963111124",8.230761283733323e-20,"-3,4306100281","-2,8616549246","-2,566831171",Yes,Yes,Yes,"1,4513888719","0,01","0,739","0,574","0,463","0,347",Yes,Yes,Yes,Yes
4248,1,"-13,2372349856",9.325232512816629e-25,"-3,4306100281","-2,8616549246","-2,566831171",Yes,Yes,Yes,"2,3958871136","0,01","0,739","0,574","0,463","0,347",Yes,Yes,Yes,Yes
3922,1,"-10,7028696283",3.487023540425375e-19,"-3,4306100281","-2,8616549246","-2,566831171",Yes,Yes,Yes,"2,454115051","0,01","0,739","0,574","0,463","0,347",Yes,Yes,Yes,Yes
1576,1,"-17,0139230811",8.551968029810381e-30,"-3,4306100281","-2,8616549246","-2,566831171",Yes,Yes,Yes,"0,6329614299","0,01963987","0,739","0,574","0,463","0,347",Yes,Yes,Yes,Yes
4678,1,"-13,2621799473",8.355420185074376e-25,"-3,4306100281","-2,8616549246","-2,566831171",Yes,Yes,Yes,"1,9443495831","0,01","0,739","0,574","0,463","0,347",Yes,Yes,Yes,Yes
6002,1,"-12,4866699229",3.0080167226086376e-23,"-3,4306100281","-2,8616549246","-2,566831171",Yes,Yes,Yes,"1,0281791057","0,01","0,739","0,574","0,463","0,347",Yes,Yes,Yes,Yes
7040,1,"-8,5550614206",9.005834814283372e-14,"-3,4306100281","-2,8616549246","-2,566831171",Yes,Yes,Yes,"2,7335520333","0,01","0,739","0,574","0,463","0,347",Yes,Yes,Yes,Yes
6684,1,"-13,0416068854",2.235160558902206e-24,"-3,4306100281","-2,8616549246","-2,566831171",Yes,Yes,Yes,"5,3982280639","0,01","0,739","0,574","0,463","0,347",Yes,Yes,Yes,Yes
6184,1,"-13,5203330005",2.742857572025937e-25,"-3,4306100281","-2,8616549246","-2,566831171",Yes,Yes,Yes,"0,6278723302","0,0201025154","0,739","0,574","0,463","0,347",Yes,Yes,Yes,Yes
1022,1,"-11,3842115128",8.367008597567377e-21,"-3,4306100281","-2,8616549246","-2,566831171",Yes,Yes,Yes,"1,4632178526","0,01","0,739","0,574","0,463","0,347",Yes,Yes,Yes,Yes
3626,1,"-15,7342444595",1.2784694876817089e-28,"-3,4306100178","-2,86165492","-2,5668311686",Yes,Yes,Yes,"2,4710878983","0,01","0,739","0,574","0,463","0,347",Yes,Yes,Yes,Yes
4149,1,"-13,7861278002",9.105171297653433e-26,"-3,4306100178","-2,86165492","-2,5668311686",Yes,Yes,Yes,"1,7434411445","0,01","0,739","0,574","0,463","0,347",Yes,Yes,Yes,Yes
1346,1,"-10,5351197472",8.942349236190007e-19,"-3,4306100281","-2,8616549246","-2,566831171",Yes,Yes,Yes,"0,3126439305","0,1","0,739","0,574","0,463","0,347",Yes,Yes,Yes,No
6821,1,"-12,9332948563",3.6620762620490195e-24,"-3,4306100281","-2,8616549246","-2,566831171",Yes,Yes,Yes,"1,7622094193","0,01","0,739","0,574","0,463","0,347",Yes,Yes,Yes,Yes
2295,1,"-8,077492267",1.4918767322434248e-12,"-3,4306100281","-2,8616549246","-2,566831171",Yes,Yes,Yes,"2,2811791267","0,01","0,739","0,574","0,463","0,347",Yes,Yes,Yes,Yes
5812,1,"-9,265636378",1.3694096133484976e-15,"-3,4306100281","-2,8616549246","-2,566831171",Yes,Yes,Yes,"2,291386448","0,01","0,739","0,574","0,463","0,347",Yes,Yes,Yes,Yes
7428,1,"-11,3094832748",1.2492613746324524e-20,"-3,4306100178","-2,86165492","-2,5668311686",Yes,Yes,Yes,"0,974737874","0,01","0,739","0,574","0,463","0,347",Yes,Yes,Yes,Yes
2035,1,"-19,4460848765",0,"-3,4306100178","-2,86165492","-2,5668311686",Yes,Yes,Yes,"0,7079242133","0,0128250715","0,739","0,574","0,463","0,347",Yes,Yes,Yes,Yes
6962,1,"-16,5417139204",1.9811134443540676e-29,"-3,4306100281","-2,8616549246","-2,566831171",Yes,Yes,Yes,"1,2910872672","0,01","0,739","0,574","0,463","0,347",Yes,Yes,Yes,Yes
6261,1,"-17,0605787649",7.951785952243795e-30,"-3,4306100178","-2,86165492","-2,5668311686",Yes,Yes,Yes,"2,2240842767","0,01","0,739","0,574","0,463","0,347",Yes,Yes,Yes,Yes
5439,1,"-18,3091254377",2.2780562318636867e-30,"-3,4306100281","-2,8616549246","-2,566831171",Yes,Yes,Yes,"1,2031641543","0,01","0,739","0,574","0,463","0,347",Yes,Yes,Yes,Yes
4039,1,"-11,4987861842",4.545081626638047e-21,"-3,4306100281","-2,8616549246","-2,566831171",Yes,Yes,Yes,"3,8209958719","0,01","0,739","0,574","0,463","0,347",Yes,Yes,Yes,Yes
5273,1,"-15,0710751836",8.723173841857623e-28,"-3,4306100281","-2,8616549246","-2,566831171",Yes,Yes,Yes,"1,4114043421","0,01","0,739","0,574","0,463","0,347",Yes,Yes,Yes,Yes
4882,1,"-12,6297205331",1.5141404237350282e-23,"-3,4306100178","-2,86165492","-2,5668311686",Yes,Yes,Yes,"4,7764347439","0,01","0,739","0,574","0,463","0,347",Yes,Yes,Yes,Yes
6003,1,"-15,1180501168",7.529286820133486e-28,"-3,4306100281","-2,8616549246","-2,566831171",Yes,Yes,Yes,"7,3274912857","0,01","0,739","0,574","0,463","0,347",Yes,Yes,Yes,Yes
1339,1,"-13,1286325076",1.5107610089070653e-24,"-3,4306100281","-2,8616549246","-2,566831171",Yes,Yes,Yes,"3,0870853899","0,01","0,739","0,574","0,463","0,347",Yes,Yes,Yes,Yes
3634,1,"-14,1549707939",2.129492367422003e-26,"-3,4306100281","-2,8616549246","-2,566831171",Yes,Yes,Yes,"1,3728161441","0,01","0,739","0,574","0,463","0,347",Yes,Yes,Yes,Yes
1170,1,"-11,6166217504",2.4401714195159016e-21,"-3,4306100281","-2,8616549246","-2,566831171",Yes,Yes,Yes,"3,4220940153","0,01","0,739","0,574","0,463","0,347",Yes,Yes,Yes,Yes
4891,1,"-11,2181306906",2.0452101695384474e-20,"-3,4306100178","-2,86165492","-2,5668311686",Yes,Yes,Yes,"1,5582234431","0,01","0,739","0,574","0,463","0,347",Yes,Yes,Yes,Yes
3332,1,"-7,232589253",1.9768723428633145e-10,"-3,4306100281","-2,8616549246","-2,566831171",Yes,Yes,Yes,"10,7545666258","0,01","0,739","0,574","0,463","0,347",Yes,Yes,Yes,Yes
2510,1,"-16,4192047011",2.539939137282907e-29,"-3,4306100281","-2,8616549246","-2,566831171",Yes,Yes,Yes,"2,1223180347","0,01","0,739","0,574","0,463","0,347",Yes,Yes,Yes,Yes
5038,1,"-9,5177837562",3.123297103830525e-16,"-3,4306100281","-2,8616549246","-2,566831171",Yes,Yes,Yes,"13,0692199221","0,01","0,739","0,574","0,463","0,347",Yes,Yes,Yes,Yes
1561,1,"-15,9961453447",6.58859943388818e-29,"-3,4306100281","-2,8616549246","-2,566831171",Yes,Yes,Yes,"1,4121078619","0,01","0,739","0,574","0,463","0,347",Yes,Yes,Yes,Yes
1099,1,"-17,192413415",6.539236864103319e-30,"-3,4306100281","-2,8616549246","-2,566831171",Yes,Yes,Yes,"1,3013810893","0,01","0,739","0,574","0,463","0,347",Yes,Yes,Yes,Yes
6426,1,"-5,5484983873",1.6400493218127754e-06,"-3,4306100281","-2,8616549246","-2,566831171",Yes,Yes,Yes,"1,7202200892","0,01","0,739","0,574","0,463","0,347",Yes,Yes,Yes,Yes
2166,1,"-22,0209996085",0,"-3,4306100281","-2,8616549246","-2,566831171",Yes,Yes,Yes,"0,460704473","0,0509894513","0,739","0,574","0,463","0,347",Yes,Yes,Yes,Yes
5622,1,"-9,42658449",5.326516170799674e-16,"-3,4306100281","-2,8616549246","-2,566831171",Yes,Yes,Yes,"2,3292971665","0,01","0,739","0,574","0,463","0,347",Yes,Yes,Yes,Yes
6140,1,"-12,697204459",1.0995202205117142e-23,"-3,4306100281","-2,8616549246","-2,566831171",Yes,Yes,Yes,"2,7127596449","0,01","0,739","0,574","0,463","0,347",Yes,Yes,Yes,Yes
3927,1,"-17,0056034205",8.665343071342965e-30,"-3,4306100281","-2,8616549246","-2,566831171",Yes,Yes,Yes,"0,5620195163","0,0276983071","0,739","0,574","0,463","0,347",Yes,Yes,Yes,Yes
4379,1,"-9,9599773077",2.387863921484891e-17,"-3,4306100281","-2,8616549246","-2,566831171",Yes,Yes,Yes,"1,1341995316","0,01","0,739","0,574","0,463","0,347",Yes,Yes,Yes,Yes
4241,1,"-14,3689599998",9.565904678074035e-27,"-3,4306100281","-2,8616549246","-2,566831171",Yes,Yes,Yes,"3,9135204922","0,01","0,739","0,574","0,463","0,347",Yes,Yes,Yes,Yes
5496,1,"-13,8774595125",6.300083712329053e-26,"-3,4306100178","-2,86165492","-2,5668311686",Yes,Yes,Yes,"0,3898015246","0,081551067","0,739","0,574","0,463","0,347",Yes,Yes,Yes,Yes
7323,1,"-14,6950910491",3.0071170582840636e-27,"-3,4306100281","-2,8616549246","-2,566831171",Yes,Yes,Yes,"1,6716395876","0,01","0,739","0,574","0,463","0,347",Yes,Yes,Yes,Yes
6784,1,"-17,9368523445",2.8700209224667682e-30,"-3,4306100281","-2,8616549246","-2,566831171",Yes,Yes,Yes,"1,1339891335","0,01","0,739","0,574","0,463","0,347",Yes,Yes,Yes,Yes
6392,1,"-20,7656802378",0,"-3,4306100281","-2,8616549246","-2,566831171",Yes,Yes,Yes,"0,1589583149","0,1","0,739","0,574","0,463","0,347",Yes,Yes,Yes,No
6498,1,"-14,6119739266",4.009372341538241e-27,"-3,4306100281","-2,8616549246","-2,566831171",Yes,Yes,Yes,"0,951103378","0,01","0,739","0,574","0,463","0,347",Yes,Yes,Yes,Yes
4242,1,"-7,3868096729",8.195938619972903e-11,"-3,4306100281","-2,8616549246","-2,566831171",Yes,Yes,Yes,"3,1671593833","0,01","0,739","0,574","0,463","0,347",Yes,Yes,Yes,Yes
4711,1,"-9,6435143429",1.498883538781424e-16,"-3,4306100281","-2,8616549246","-2,566831171",Yes,Yes,Yes,"1,2044743709","0,01","0,739","0,574","0,463","0,347",Yes,Yes,Yes,Yes
5308,1,"-10,2852032213",3.6903973424128235e-18,"-3,4306100281","-2,8616549246","-2,566831171",Yes,Yes,Yes,"1,8137715455","0,01","0,739","0,574","0,463","0,347",Yes,Yes,Yes,Yes
5818,1,"-9,7567643626",7.752346488686743e-17,"-3,4306100281","-2,8616549246","-2,566831171",Yes,Yes,Yes,"2,2436952908","0,01","0,739","0,574","0,463","0,347",Yes,Yes,Yes,Yes
3465,1,"-7,6732081289",1.5735243868226248e-11,"-3,4306100281","-2,8616549246","-2,566831171",Yes,Yes,Yes,"2,2766645338","0,01","0,739","0,574","0,463","0,347",Yes,Yes,Yes,Yes
2468,1,"-12,2368474698",1.0235183732639285e-22,"-3,4306100281","-2,8616549246","-2,566831171",Yes,Yes,Yes,"1,3811617937","0,01","0,739","0,574","0,463","0,347",Yes,Yes,Yes,Yes
2267,1,"-13,2957093667",7.213136558353301e-25,"-3,4306100281","-2,8616549246","-2,566831171",Yes,Yes,Yes,"1,8100890196","0,01","0,739","0,574","0,463","0,347",Yes,Yes,Yes,Yes
6223,1,"-16,1713269509",4.3616890627969885e-29,"-3,4306100178","-2,86165492","-2,5668311686",Yes,Yes,Yes,"3,7299947382","0,01","0,739","0,574","0,463","0,347",Yes,Yes,Yes,Yes
5151,1,"-10,9349071368",9.614509337721244e-20,"-3,4306100281","-2,8616549246","-2,566831171",Yes,Yes,Yes,"1,6825210011","0,01","0,739","0,574","0,463","0,347",Yes,Yes,Yes,Yes
3956,1,"-16,9949721324",8.81316454999144e-30,"-3,4306100281","-2,8616549246","-2,566831171",Yes,Yes,Yes,"1,0053843461","0,01","0,739","0,574","0,463","0,347",Yes,Yes,Yes,Yes
6411,1,"-12,2800463365",8.263089769561594e-23,"-3,4306100281","-2,8616549246","-2,566831171",Yes,Yes,Yes,"1,5514936896","0,01","0,739","0,574","0,463","0,347",Yes,Yes,Yes,Yes
3720,1,"-10,6811911811",3.936461402131509e-19,"-3,4306100281","-2,8616549246","-2,566831171",Yes,Yes,Yes,"4,7487143055","0,01","0,739","0,574","0,463","0,347",Yes,Yes,Yes,Yes
5307,1,"-18,2336506911",2.363988223893954e-30,"-3,4306100281","-2,8616549246","-2,566831171",Yes,Yes,Yes,"0,0804547571","0,1","0,739","0,574","0,463","0,347",Yes,Yes,Yes,No
3831,1,"-17,0110369118",8.591072584529968e-30,"-3,4306100281","-2,8616549246","-2,566831171",Yes,Yes,Yes,"1,6204282175","0,01","0,739","0,574","0,463","0,347",Yes,Yes,Yes,Yes
3238,1,"-14,6742167108",3.23086916032379e-27,"-3,4306100281","-2,8616549246","-2,566831171",Yes,Yes,Yes,"1,6565473163","0,01","0,739","0,574","0,463","0,347",Yes,Yes,Yes,Yes
6377,1,"-15,5688115049",1.9988788528380718e-28,"-3,4306100178","-2,86165492","-2,5668311686",Yes,Yes,Yes,"0,4683559718","0,0487937001","0,739","0,574","0,463","0,347",Yes,Yes,Yes,Yes
5981,1,"-13,0886509471",1.8076224742342403e-24,"-3,4306100281","-2,8616549246","-2,566831171",Yes,Yes,Yes,"1,5773712498","0,01","0,739","0,574","0,463","0,347",Yes,Yes,Yes,Yes
5098,1,"-6,2463389773",4.566204501661534e-08,"-3,4306100281","-2,8616549246","-2,566831171",Yes,Yes,Yes,"20,9083374465","0,01","0,739","0,574","0,463","0,347",Yes,Yes,Yes,Yes
6381,1,"-12,75852252",8.239164524844448e-24,"-3,4306100281","-2,8616549246","-2,566831171",Yes,Yes,Yes,"1,3023921918","0,01","0,739","0,574","0,463","0,347",Yes,Yes,Yes,Yes
5402,1,"-9,0853773003",3.953337566147661e-15,"-3,4306100281","-2,8616549246","-2,566831171",Yes,Yes,Yes,"1,3686392463","0,01","0,739","0,574","0,463","0,347",Yes,Yes,Yes,Yes
1430,1,"-16,0808171233",5.380900948035918e-29,"-3,4306100281","-2,8616549246","-2,566831171",Yes,Yes,Yes,"1,0923330072","0,01","0,739","0,574","0,463","0,347",Yes,Yes,Yes,Yes
6516,1,"-16,4364875375",2.4505945442036886e-29,"-3,4306100281","-2,8616549246","-2,566831171",Yes,Yes,Yes,"17,5106508101","0,01","0,739","0,574","0,463","0,347",Yes,Yes,Yes,Yes
5415,1,"-3,8539530669","0,0024011117","-3,4306100281","-2,8616549246","-2,566831171",Yes,Yes,Yes,"4,9500289187","0,01","0,739","0,574","0,463","0,347",Yes,Yes,Yes,Yes
5715,1,"-10,4336473295",1.586879333225919e-18,"-3,4306100281","-2,8616549246","-2,566831171",Yes,Yes,Yes,"2,6164011356","0,01","0,739","0,574","0,463","0,347",Yes,Yes,Yes,Yes
5426,1,"-12,6006557014",1.7391987203345686e-23,"-3,4306100281","-2,8616549246","-2,566831171",Yes,Yes,Yes,"2,0466657163","0,01","0,739","0,574","0,463","0,347",Yes,Yes,Yes,Yes
6187,1,"-13,3659552314",5.312989544083871e-25,"-3,4306100281","-2,8616549246","-2,566831171",Yes,Yes,Yes,"1,2371079695","0,01","0,739","0,574","0,463","0,347",Yes,Yes,Yes,Yes
6482,1,"-17,1281967212",7.179511564213666e-30,"-3,4306100281","-2,8616549246","-2,566831171",Yes,Yes,Yes,"0,5721870438","0,0254083235","0,739","0,574","0,463","0,347",Yes,Yes,Yes,Yes
1069,1,"-12,9438603822",3.4888416033998764e-24,"-3,4306100281","-2,8616549246","-2,566831171",Yes,Yes,Yes,"1,4789028443","0,01","0,739","0,574","0,463","0,347",Yes,Yes,Yes,Yes
6216,1,"-11,6408421725",2.148890816536086e-21,"-3,4306100178","-2,86165492","-2,5668311686",Yes,Yes,Yes,"1,3314374952","0,01","0,739","0,574","0,463","0,347",Yes,Yes,Yes,Yes
1060,1,"-11,1734801015",2.6054002022548486e-20,"-3,4306100281","-2,8616549246","-2,566831171",Yes,Yes,Yes,"2,3551571212","0,01","0,739","0,574","0,463","0,347",Yes,Yes,Yes,Yes
7194,1,"-6,7833904905",2.4667792721795617e-09,"-3,4306100281","-2,8616549246","-2,566831171",Yes,Yes,Yes,"6,4659571919","0,01","0,739","0,574","0,463","0,347",Yes,Yes,Yes,Yes
3736,1,"-14,6746804729",3.2257105437466816e-27,"-3,4306100281","-2,8616549246","-2,566831171",Yes,Yes,Yes,"1,0805454515","0,01","0,739","0,574","0,463","0,347",Yes,Yes,Yes,Yes
6752,1,"-14,3312182239",1.099041513788358e-26,"-3,4306100281","-2,8616549246","-2,566831171",Yes,Yes,Yes,"5,6501875551","0,01","0,739","0,574","0,463","0,347",Yes,Yes,Yes,Yes
1907,1,"-12,7327320892",9.299988346156592e-24,"-3,4306100281","-2,8616549246","-2,566831171",Yes,Yes,Yes,"1,807928078","0,01","0,739","0,574","0,463","0,347",Yes,Yes,Yes,Yes
2765,1,"-12,1108831789",1.9206266150835743e-22,"-3,4306100281","-2,8616549246","-2,566831171",Yes,Yes,Yes,"1,2244159723","0,01","0,739","0,574","0,463","0,347",Yes,Yes,Yes,Yes
4305,1,"-12,553805519",2.1765929143452628e-23,"-3,4306100281","-2,8616549246","-2,566831171",Yes,Yes,Yes,"0,6694801394","0,0163199873","0,739","0,574","0,463","0,347",Yes,Yes,Yes,Yes
3303,1,"-9,3320005246",9.27481947857682e-16,"-3,4306100178","-2,86165492","-2,5668311686",Yes,Yes,Yes,"1,2233566222","0,01","0,739","0,574","0,463","0,347",Yes,Yes,Yes,Yes
1668,1,"-10,5015108685",1.0809801659297268e-18,"-3,4306100281","-2,8616549246","-2,566831171",Yes,Yes,Yes,"0,898899858","0,01","0,739","0,574","0,463","0,347",Yes,Yes,Yes,Yes
2192,1,"-13,0676716051",1.9868029123995567e-24,"-3,4306100281","-2,8616549246","-2,566831171",Yes,Yes,Yes,"1,7834499957","0,01","0,739","0,574","0,463","0,347",Yes,Yes,Yes,Yes
4563,1,"-13,2599235137",8.43869954878007e-25,"-3,4306100281","-2,8616549246","-2,566831171",Yes,Yes,Yes,"1,8899668666","0,01","0,739","0,574","0,463","0,347",Yes,Yes,Yes,Yes
1850,1,"-14,1790356669",1.9431266547454464e-26,"-3,4306100281","-2,8616549246","-2,566831171",Yes,Yes,Yes,"6,4391124367","0,01","0,739","0,574","0,463","0,347",Yes,Yes,Yes,Yes
3520,1,"-10,5726419195",7.238663949303425e-19,"-3,4306100281","-2,8616549246","-2,566831171",Yes,Yes,Yes,"1,843383283","0,01","0,739","0,574","0,463","0,347",Yes,Yes,Yes,Yes
3756,1,"-12,2168238585",1.1306271932361014e-22,"-3,4306100281","-2,8616549246","-2,566831171",Yes,Yes,Yes,"1,0223903917","0,01","0,739","0,574","0,463","0,347",Yes,Yes,Yes,Yes
6493,1,"-15,5856621051",1.908036949996334e-28,"-3,4306100281","-2,8616549246","-2,566831171",Yes,Yes,Yes,"1,4154167796","0,01","0,739","0,574","0,463","0,347",Yes,Yes,Yes,Yes
1144,1,"-17,3877019664",5.0302531413578226e-30,"-3,4306100281","-2,8616549246","-2,566831171",Yes,Yes,Yes,"0,3034422785","0,1","0,739","0,574","0,463","0,347",Yes,Yes,Yes,No
5067,1,"-14,3483867394",1.0316571289379559e-26,"-3,4306100281","-2,8616549246","-2,566831171",Yes,Yes,Yes,"0,5961399775","0,0229872748","0,739","0,574","0,463","0,347",Yes,Yes,Yes,Yes
5394,1,"-15,0260747757",1.0059770638184555e-27,"-3,4306100281","-2,8616549246","-2,566831171",Yes,Yes,Yes,"0,7728890685","0,01","0,739","0,574","0,463","0,347",Yes,Yes,Yes,Yes
4218,1,"-12,0233882383",2.987371334515544e-22,"-3,4306100281","-2,8616549246","-2,566831171",Yes,Yes,Yes,"1,3881782063","0,01","0,739","0,574","0,463","0,347",Yes,Yes,Yes,Yes
2543,1,"-18,0722873427",2.6019265713365054e-30,"-3,4306100281","-2,8616549246","-2,566831171",Yes,Yes,Yes,"5,631341706","0,01","0,739","0,574","0,463","0,347",Yes,Yes,Yes,Yes
5162,1,"-9,1344956037",2.9607780304160846e-15,"-3,4306100281","-2,8616549246","-2,566831171",Yes,Yes,Yes,"3,0546494787","0,01","0,739","0,574","0,463","0,347",Yes,Yes,Yes,Yes
6655,1,"-11,72862482",1.3584796873213705e-21,"-3,4306100281","-2,8616549246","-2,566831171",Yes,Yes,Yes,"2,1220045823","0,01","0,739","0,574","0,463","0,347",Yes,Yes,Yes,Yes
2996,1,"-13,9056857426",5.628627232710104e-26,"-3,4306100281","-2,8616549246","-2,566831171",Yes,Yes,Yes,"2,5352617698","0,01","0,739","0,574","0,463","0,347",Yes,Yes,Yes,Yes
5253,1,"-9,7723671562",7.080334300194614e-17,"-3,4306100281","-2,8616549246","-2,566831171",Yes,Yes,Yes,"3,7461697296","0,01","0,739","0,574","0,463","0,347",Yes,Yes,Yes,Yes
4632,1,"-16,3087966541",3.211486907718505e-29,"-3,4306100281","-2,8616549246","-2,566831171",Yes,Yes,Yes,"1,9872285369","0,01","0,739","0,574","0,463","0,347",Yes,Yes,Yes,Yes
3558,1,"-11,9496539206",4.347042141388356e-22,"-3,4306100178","-2,86165492","-2,5668311686",Yes,Yes,Yes,"1,025364818","0,01","0,739","0,574","0,463","0,347",Yes,Yes,Yes,Yes
6648,1,"-14,3013651096",1.2274648663264892e-26,"-3,4306100281","-2,8616549246","-2,566831171",Yes,Yes,Yes,"1,3926652241","0,01","0,739","0,574","0,463","0,347",Yes,Yes,Yes,Yes
2969,1,"-11,6956264077",1.6134254252418557e-21,"-3,4306100281","-2,8616549246","-2,566831171",Yes,Yes,Yes,"2,788430951","0,01","0,739","0,574","0,463","0,347",Yes,Yes,Yes,Yes
3802,1,"-11,6838319302",1.715920856294491e-21,"-3,4306100281","-2,8616549246","-2,566831171",Yes,Yes,Yes,"1,7191510623","0,01","0,739","0,574","0,463","0,347",Yes,Yes,Yes,Yes
5976,1,"-14,5933901315",4.2786421805606185e-27,"-3,4306100281","-2,8616549246","-2,566831171",Yes,Yes,Yes,"1,6467281002","0,01","0,739","0,574","0,463","0,347",Yes,Yes,Yes,Yes
3884,1,"-16,0965507289",5.185529576213373e-29,"-3,4306100281","-2,8616549246","-2,566831171",Yes,Yes,Yes,"0,1893007405","0,1","0,739","0,574","0,463","0,347",Yes,Yes,Yes,No
1493,1,"-11,1953810986",2.3134757651931568e-20,"-3,4306100281","-2,8616549246","-2,566831171",Yes,Yes,Yes,"3,1636763623","0,01","0,739","0,574","0,463","0,347",Yes,Yes,Yes,Yes
4356,1,"-9,6808340238",1.2059119334150819e-16,"-3,4306100281","-2,8616549246","-2,566831171",Yes,Yes,Yes,"1,6693688697","0,01","0,739","0,574","0,463","0,347",Yes,Yes,Yes,Yes
1767,1,"-11,5423793434",3.6084134202321785e-21,"-3,4306100281","-2,8616549246","-2,566831171",Yes,Yes,Yes,"0,678369412","0,0155118716","0,739","0,574","0,463","0,347",Yes,Yes,Yes,Yes
1953,1,"-13,9672763458",4.4096999957195354e-26,"-3,4306100178","-2,86165492","-2,5668311686",Yes,Yes,Yes,"0,2262529524","0,1","0,739","0,574","0,463","0,347",Yes,Yes,Yes,No
1321,1,"-12,6764772857",1.2127440188092373e-23,"-3,4306100281","-2,8616549246","-2,566831171",Yes,Yes,Yes,"2,0827453873","0,01","0,739","0,574","0,463","0,347",Yes,Yes,Yes,Yes
3117,1,"-9,5941527883",1.999093225199142e-16,"-3,4306100281","-2,8616549246","-2,566831171",Yes,Yes,Yes,"2,1061658773","0,01","0,739","0,574","0,463","0,347",Yes,Yes,Yes,Yes
2453,1,"-11,6453751969",2.098429085563625e-21,"-3,4306100281","-2,8616549246","-2,566831171",Yes,Yes,Yes,"3,2096159852","0,01","0,739","0,574","0,463","0,347",Yes,Yes,Yes,Yes
5088,1,"-13,0495732229",2.1560348072400455e-24,"-3,4306100281","-2,8616549246","-2,566831171",Yes,Yes,Yes,"2,0639041002","0,01","0,739","0,574","0,463","0,347",Yes,Yes,Yes,Yes
5369,1,"-13,7842202258",9.176016883462044e-26,"-3,4306100281","-2,8616549246","-2,566831171",Yes,Yes,Yes,"0,9130385587","0,01","0,739","0,574","0,463","0,347",Yes,Yes,Yes,Yes
5755,1,"-14,0759243955",2.88497770707727e-26,"-3,4306100178","-2,86165492","-2,5668311686",Yes,Yes,Yes,"0,9071339206","0,01","0,739","0,574","0,463","0,347",Yes,Yes,Yes,Yes
3964,1,"-16,6332282117",1.6589821525713822e-29,"-3,4306100281","-2,8616549246","-2,566831171",Yes,Yes,Yes,"0,6877277659","0,0146611122","0,739","0,574","0,463","0,347",Yes,Yes,Yes,Yes
6291,1,"-12,7337019729",9.257664335672933e-24,"-3,4306100281","-2,8616549246","-2,566831171",Yes,Yes,Yes,"0,7306265312","0,0107612244","0,739","0,574","0,463","0,347",Yes,Yes,Yes,Yes
4283,1,"-10,9741432685",7.745938832817198e-20,"-3,4306100281","-2,8616549246","-2,566831171",Yes,Yes,Yes,"2,0585015751","0,01","0,739","0,574","0,463","0,347",Yes,Yes,Yes,Yes
3892,1,"-9,7934440352",6.264502995728316e-17,"-3,4306100281","-2,8616549246","-2,566831171",Yes,Yes,Yes,"0,3694342527","0,0903300635","0,739","0,574","0,463","0,347",Yes,Yes,Yes,Yes
1599,1,"-12,2872703266",7.973301011313655e-23,"-3,4306100281","-2,8616549246","-2,566831171",Yes,Yes,Yes,"1,7409361056","0,01","0,739","0,574","0,463","0,347",Yes,Yes,Yes,Yes
4448,1,"-16,0444977748",5.864972092619157e-29,"-3,4306100178","-2,86165492","-2,5668311686",Yes,Yes,Yes,"2,6970528486","0,01","0,739","0,574","0,463","0,347",Yes,Yes,Yes,Yes
5333,1,"-15,6874817891",1.4474410781032437e-28,"-3,4306100281","-2,8616549246","-2,566831171",Yes,Yes,Yes,"0,7048430914","0,0131051735","0,739","0,574","0,463","0,347",Yes,Yes,Yes,Yes
1667,1,"-14,4910104854",6.1484206517675836e-27,"-3,4306100281","-2,8616549246","-2,566831171",Yes,Yes,Yes,"1,239736521","0,01","0,739","0,574","0,463","0,347",Yes,Yes,Yes,Yes
4347,1,"-11,2083805448",2.1560982585016605e-20,"-3,4306100281","-2,8616549246","-2,566831171",Yes,Yes,Yes,"2,0464351541","0,01","0,739","0,574","0,463","0,347",Yes,Yes,Yes,Yes
4452,1,"-10,3959684431",1.9649188396584318e-18,"-3,4306100178","-2,86165492","-2,5668311686",Yes,Yes,Yes,"1,3597776716","0,01","0,739","0,574","0,463","0,347",Yes,Yes,Yes,Yes
2013,1,"-13,5810449878",2.1235897388003846e-25,"-3,4306100281","-2,8616549246","-2,566831171",Yes,Yes,Yes,"2,0404798522","0,01","0,739","0,574","0,463","0,347",Yes,Yes,Yes,Yes
6806,1,"-10,3292063194",2.8718994038039535e-18,"-3,4306100281","-2,8616549246","-2,566831171",Yes,Yes,Yes,"0,7815556533","0,01","0,739","0,574","0,463","0,347",Yes,Yes,Yes,Yes
1233,1,"-15,8495194011",9.484796575041654e-29,"-3,4306100178","-2,86165492","-2,5668311686",Yes,Yes,Yes,"1,9607603682","0,01","0,739","0,574","0,463","0,347",Yes,Yes,Yes,Yes
5796,1,"-16,3421706419",2.9884638529890435e-29,"-3,4306100281","-2,8616549246","-2,566831171",Yes,Yes,Yes,"0,7714813717","0,01","0,739","0,574","0,463","0,347",Yes,Yes,Yes,Yes
2556,1,"-7,3189824714",1.2081149731439473e-10,"-3,4306100281","-2,8616549246","-2,566831171",Yes,Yes,Yes,"1,687437876","0,01","0,739","0,574","0,463","0,347",Yes,Yes,Yes,Yes
1109,1,"-13,2715562005",8.0183446714578885e-25,"-3,4306100281","-2,8616549246","-2,566831171",Yes,Yes,Yes,"5,8317640596","0,01","0,739","0,574","0,463","0,347",Yes,Yes,Yes,Yes
4219,1,"-10,8798140397",1.3034375469203779e-19,"-3,4306100178","-2,86165492","-2,5668311686",Yes,Yes,Yes,"3,9258837561","0,01","0,739","0,574","0,463","0,347",Yes,Yes,Yes,Yes
4401,1,"-10,4785596651",1.2306737876051608e-18,"-3,4306100281","-2,8616549246","-2,566831171",Yes,Yes,Yes,"0,5109848266","0,0391926066","0,739","0,574","0,463","0,347",Yes,Yes,Yes,Yes
5668,1,"-14,2476624699",1.4997853538256786e-26,"-3,4306100281","-2,8616549246","-2,566831171",Yes,Yes,Yes,"4,0088330569","0,01","0,739","0,574","0,463","0,347",Yes,Yes,Yes,Yes
6709,1,"-11,2352697233",1.8640931396286917e-20,"-3,4306100178","-2,86165492","-2,5668311686",Yes,Yes,Yes,"1,0923697506","0,01","0,739","0,574","0,463","0,347",Yes,Yes,Yes,Yes
5247,1,"-12,1484866085",1.5903272893922164e-22,"-3,4306100281","-2,8616549246","-2,566831171",Yes,Yes,Yes,"2,094106692","0,01","0,739","0,574","0,463","0,347",Yes,Yes,Yes,Yes
2965,1,"-10,9961879611",6.861884128427143e-20,"-3,4306100281","-2,8616549246","-2,566831171",Yes,Yes,Yes,"9,0479768233","0,01","0,739","0,574","0,463","0,347",Yes,Yes,Yes,Yes
6813,1,"-11,3602167159",9.514005476837183e-21,"-3,4306100281","-2,8616549246","-2,566831171",Yes,Yes,Yes,"2,7773859887","0,01","0,739","0,574","0,463","0,347",Yes,Yes,Yes,Yes
5551,1,"-9,5458613699",2.6505106583647985e-16,"-3,4306100281","-2,8616549246","-2,566831171",Yes,Yes,Yes,"1,7674083599","0,01","0,739","0,574","0,463","0,347",Yes,Yes,Yes,Yes
6209,1,"-6,2256753063",5.09580776899399e-08,"-3,4306100281","-2,8616549246","-2,566831171",Yes,Yes,Yes,"1,7874610384","0,01","0,739","0,574","0,463","0,347",Yes,Yes,Yes,Yes
4456,1,"-11,7946520716",9.643180990065705e-22,"-3,4306100281","-2,8616549246","-2,566831171",Yes,Yes,Yes,"0,9464929402","0,01","0,739","0,574","0,463","0,347",Yes,Yes,Yes,Yes
6210,1,"-7,4425119352",5.954395085879696e-11,"-3,4306100281","-2,8616549246","-2,566831171",Yes,Yes,Yes,"2,3491704315","0,01","0,739","0,574","0,463","0,347",Yes,Yes,Yes,Yes
3661,1,"-15,1288513267",7.28046271643918e-28,"-3,4306100281","-2,8616549246","-2,566831171",Yes,Yes,Yes,"1,7920985448","0,01","0,739","0,574","0,463","0,347",Yes,Yes,Yes,Yes
3003,1,"-14,6729926952",3.244526486515961e-27,"-3,4306100281","-2,8616549246","-2,566831171",Yes,Yes,Yes,"7,123340584","0,01","0,739","0,574","0,463","0,347",Yes,Yes,Yes,Yes
2276,1,"-15,5394200385",2.168960532617756e-28,"-3,4306100178","-2,86165492","-2,5668311686",Yes,Yes,Yes,"8,448314144","0,01","0,739","0,574","0,463","0,347",Yes,Yes,Yes,Yes
5966,1,"-15,4785435051",2.574211353397704e-28,"-3,4306100281","-2,8616549246","-2,566831171",Yes,Yes,Yes,"0,5975316066","0,022860763","0,739","0,574","0,463","0,347",Yes,Yes,Yes,Yes
3535,1,"-10,8696241272",1.3790589202011165e-19,"-3,4306100281","-2,8616549246","-2,566831171",Yes,Yes,Yes,"10,9830593118","0,01","0,739","0,574","0,463","0,347",Yes,Yes,Yes,Yes
4116,1,"-15,5332026021",2.206945814797577e-28,"-3,4306100281","-2,8616549246","-2,566831171",Yes,Yes,Yes,"2,8192061955","0,01","0,739","0,574","0,463","0,347",Yes,Yes,Yes,Yes
4759,1,"-10,8525978701",1.5154456524213608e-19,"-3,4306100178","-2,86165492","-2,5668311686",Yes,Yes,Yes,"0,9835585388","0,01","0,739","0,574","0,463","0,347",Yes,Yes,Yes,Yes
7026,1,"-13,5460698558",2.4601852977275495e-25,"-3,4306100281","-2,8616549246","-2,566831171",Yes,Yes,Yes,"1,3679410829","0,01","0,739","0,574","0,463","0,347",Yes,Yes,Yes,Yes
1168,1,"-12,0770449454",2.2774486891478087e-22,"-3,4306100281","-2,8616549246","-2,566831171",Yes,Yes,Yes,"3,4850363954","0,01","0,739","0,574","0,463","0,347",Yes,Yes,Yes,Yes
1670,1,"-13,6634259324",1.5062999756496357e-25,"-3,4306100281","-2,8616549246","-2,566831171",Yes,Yes,Yes,"5,8782642842","0,01","0,739","0,574","0,463","0,347",Yes,Yes,Yes,Yes
7320,1,"-12,5375820602",2.3530675548351374e-23,"-3,4306100281","-2,8616549246","-2,566831171",Yes,Yes,Yes,"1,6310582067","0,01","0,739","0,574","0,463","0,347",Yes,Yes,Yes,Yes
1533,1,"-8,7426931067",2.9792540213472875e-14,"-3,4306100178","-2,86165492","-2,5668311686",Yes,Yes,Yes,"1,8134354531","0,01","0,739","0,574","0,463","0,347",Yes,Yes,Yes,Yes
4718,1,"-10,8775733909",1.319698135753457e-19,"-3,4306100281","-2,8616549246","-2,566831171",Yes,Yes,Yes,"2,8015599448","0,01","0,739","0,574","0,463","0,347",Yes,Yes,Yes,Yes
4893,1,"-13,7560346762",1.0292267399076582e-25,"-3,4306100281","-2,8616549246","-2,566831171",Yes,Yes,Yes,"1,0165550305","0,01","0,739","0,574","0,463","0,347",Yes,Yes,Yes,Yes
2887,1,"-12,5701688419",2.0122885471828325e-23,"-3,4306100281","-2,8616549246","-2,566831171",Yes,Yes,Yes,"15,101868024","0,01","0,739","0,574","0,463","0,347",Yes,Yes,Yes,Yes
6380,1,"-7,9177234936",3.796476980098469e-12,"-3,4306100281","-2,8616549246","-2,566831171",Yes,Yes,Yes,"2,8915734466","0,01","0,739","0,574","0,463","0,347",Yes,Yes,Yes,Yes
3098,1,"-14,5760586282",4.54706312509519e-27,"-3,4306100281","-2,8616549246","-2,566831171",Yes,Yes,Yes,"1,3667108014","0,01","0,739","0,574","0,463","0,347",Yes,Yes,Yes,Yes
4360,1,"-18,4845497949",2.130946367196962e-30,"-3,4306100281","-2,8616549246","-2,566831171",Yes,Yes,Yes,"3,5455651003","0,01","0,739","0,574","0,463","0,347",Yes,Yes,Yes,Yes
7443,1,"-14,6424113431",3.6064127144116075e-27,"-3,4306100178","-2,86165492","-2,5668311686",Yes,Yes,Yes,"1,3702398372","0,01","0,739","0,574","0,463","0,347",Yes,Yes,Yes,Yes
2678,1,"-14,1735931315",1.9837250153414557e-26,"-3,4306100281","-2,8616549246","-2,566831171",Yes,Yes,Yes,"0,8550432543","0,01","0,739","0,574","0,463","0,347",Yes,Yes,Yes,Yes
4868,1,"-10,4500413426",1.4461644178642367e-18,"-3,4306100281","-2,8616549246","-2,566831171",Yes,Yes,Yes,"0,9499657775","0,01","0,739","0,574","0,463","0,347",Yes,Yes,Yes,Yes
2553,1,"-7,1864425916",2.569499875629716e-10,"-3,4306100281","-2,8616549246","-2,566831171",Yes,Yes,Yes,"1,8626475547","0,01","0,739","0,574","0,463","0,347",Yes,Yes,Yes,Yes
4318,1,"-15,1769183151",6.275916180287178e-28,"-3,4306100178","-2,86165492","-2,5668311686",Yes,Yes,Yes,"6,2699084902","0,01","0,739","0,574","0,463","0,347",Yes,Yes,Yes,Yes
2675,1,"-12,2742200264",8.50462953262151e-23,"-3,4306100281","-2,8616549246","-2,566831171",Yes,Yes,Yes,"0,5778426905","0,0246506645","0,739","0,574","0,463","0,347",Yes,Yes,Yes,Yes
4507,1,"-14,2149674404",1.6960388973271055e-26,"-3,4306100281","-2,8616549246","-2,566831171",Yes,Yes,Yes,"0,7123169039","0,012425736","0,739","0,574","0,463","0,347",Yes,Yes,Yes,Yes
3246,1,"-7,1208715934",3.7255289876162125e-10,"-3,4306100281","-2,8616549246","-2,566831171",Yes,Yes,Yes,"6,7141903789","0,01","0,739","0,574","0,463","0,347",Yes,Yes,Yes,Yes
3965,1,"-15,6704792766",1.5149182207385254e-28,"-3,4306100281","-2,8616549246","-2,566831171",Yes,Yes,Yes,"0,8929832444","0,01","0,739","0,574","0,463","0,347",Yes,Yes,Yes,Yes
2623,1,"-12,6835873709",1.1726167350497428e-23,"-3,4306100178","-2,86165492","-2,5668311686",Yes,Yes,Yes,"2,6949927979","0,01","0,739","0,574","0,463","0,347",Yes,Yes,Yes,Yes
5680,1,"-9,8447303013",4.6521538173654496e-17,"-3,4306100281","-2,8616549246","-2,566831171",Yes,Yes,Yes,"2,0986157918","0,01","0,739","0,574","0,463","0,347",Yes,Yes,Yes,Yes
4494,1,"-7,0291863104",6.249313760118454e-10,"-3,4306100281","-2,8616549246","-2,566831171",Yes,Yes,Yes,"3,7942504759","0,01","0,739","0,574","0,463","0,347",Yes,Yes,Yes,Yes
6267,1,"-14,6658697841",3.325227857793304e-27,"-3,4306100178","-2,86165492","-2,5668311686",Yes,Yes,Yes,"2,5114607186","0,01","0,739","0,574","0,463","0,347",Yes,Yes,Yes,Yes
4581,1,"-13,7001111932",1.2944975934329678e-25,"-3,4306100281","-2,8616549246","-2,566831171",Yes,Yes,Yes,"0,6119508605","0,0215499218","0,739","0,574","0,463","0,347",Yes,Yes,Yes,Yes
5913,1,"-7,960399386",2.9592169792331516e-12,"-3,4306100281","-2,8616549246","-2,566831171",Yes,Yes,Yes,"1,6052995241","0,01","0,739","0,574","0,463","0,347",Yes,Yes,Yes,Yes
6523,1,"-13,8103475093",8.253549795802211e-26,"-3,4306100281","-2,8616549246","-2,566831171",Yes,Yes,Yes,"3,7427471853","0,01","0,739","0,574","0,463","0,347",Yes,Yes,Yes,Yes
1331,1,"-16,0073424025",6.412379796563906e-29,"-3,4306100178","-2,86165492","-2,5668311686",Yes,Yes,Yes,"1,2762391633","0,01","0,739","0,574","0,463","0,347",Yes,Yes,Yes,Yes
5982,1,"-17,4318287437",4.7623099992663265e-30,"-3,4306100281","-2,8616549246","-2,566831171",Yes,Yes,Yes,"1,5083987871","0,01","0,739","0,574","0,463","0,347",Yes,Yes,Yes,Yes
1837,1,"-13,2346385462",9.432637489183553e-25,"-3,4306100178","-2,86165492","-2,5668311686",Yes,Yes,Yes,"1,2830799721","0,01","0,739","0,574","0,463","0,347",Yes,Yes,Yes,Yes
5470,1,"-13,7015084531",1.287070043703167e-25,"-3,4306100281","-2,8616549246","-2,566831171",Yes,Yes,Yes,"1,6452755603","0,01","0,739","0,574","0,463","0,347",Yes,Yes,Yes,Yes
1039,1,"-13,4674703336",3.4339533272756907e-25,"-3,4306100281","-2,8616549246","-2,566831171",Yes,Yes,Yes,"1,2711490098","0,01","0,739","0,574","0,463","0,347",Yes,Yes,Yes,Yes
7076,1,"-9,239324841",1.5983590123146376e-15,"-3,4306100281","-2,8616549246","-2,566831171",Yes,Yes,Yes,"4,837583832","0,01","0,739","0,574","0,463","0,347",Yes,Yes,Yes,Yes
5873,1,"-14,1742851276",1.9785141513147427e-26,"-3,4306100178","-2,86165492","-2,5668311686",Yes,Yes,Yes,"1,3414875456","0,01","0,739","0,574","0,463","0,347",Yes,Yes,Yes,Yes
4831,1,"-16,414235147",2.566344972521836e-29,"-3,4306100281","-2,8616549246","-2,566831171",Yes,Yes,Yes,"0,7698743013","0,01","0,739","0,574","0,463","0,347",Yes,Yes,Yes,Yes
7305,1,"-12,096801367",2.0616322034166392e-22,"-3,4306100281","-2,8616549246","-2,566831171",Yes,Yes,Yes,"7,6265346858","0,01","0,739","0,574","0,463","0,347",Yes,Yes,Yes,Yes
4889,1,"-16,8157007772",1.1892598535284572e-29,"-3,4306100281","-2,8616549246","-2,566831171",Yes,Yes,Yes,"0,8525344064","0,01","0,739","0,574","0,463","0,347",Yes,Yes,Yes,Yes
1819,1,"-14,9344761664",1.3510058778142044e-27,"-3,4306100281","-2,8616549246","-2,566831171",Yes,Yes,Yes,"0,9339780139","0,01","0,739","0,574","0,463","0,347",Yes,Yes,Yes,Yes
4570,1,"-4,4263702145","0,0002665094","-3,4306100178","-2,86165492","-2,5668311686",Yes,Yes,Yes,"2,7490837639","0,01","0,739","0,574","0,463","0,347",Yes,Yes,Yes,Yes
7294,1,"-12,2517495641",9.505697239665144e-23,"-3,4306100281","-2,8616549246","-2,566831171",Yes,Yes,Yes,"2,2337316613","0,01","0,739","0,574","0,463","0,347",Yes,Yes,Yes,Yes
2523,1,"-8,5874937931",7.438873096472268e-14,"-3,4306100281","-2,8616549246","-2,566831171",Yes,Yes,Yes,"1,5995067797","0,01","0,739","0,574","0,463","0,347",Yes,Yes,Yes,Yes
6332,1,"-14,6376800198",3.6661214536253414e-27,"-3,4306100281","-2,8616549246","-2,566831171",Yes,Yes,Yes,"6,9407430891","0,01","0,739","0,574","0,463","0,347",Yes,Yes,Yes,Yes
3974,1,"-13,6746762675",1.437768779439045e-25,"-3,4306100281","-2,8616549246","-2,566831171",Yes,Yes,Yes,"8,353103966","0,01","0,739","0,574","0,463","0,347",Yes,Yes,Yes,Yes
3114,1,"-5,9553483023",2.0996603788690908e-07,"-3,4306100178","-2,86165492","-2,5668311686",Yes,Yes,Yes,"7,1339038229","0,01","0,739","0,574","0,463","0,347",Yes,Yes,Yes,Yes
1704,1,"-10,4408683582",1.523272693127952e-18,"-3,4306100281","-2,8616549246","-2,566831171",Yes,Yes,Yes,"2,4078424915","0,01","0,739","0,574","0,463","0,347",Yes,Yes,Yes,Yes
1143,1,"-12,0151200337",3.115307671089544e-22,"-3,4306100178","-2,86165492","-2,5668311686",Yes,Yes,Yes,"1,2358172205","0,01","0,739","0,574","0,463","0,347",Yes,Yes,Yes,Yes
4323,1,"-18,1438607931",2.4865636527909588e-30,"-3,4306100281","-2,8616549246","-2,566831171",Yes,Yes,Yes,"0,9745429168","0,01","0,739","0,574","0,463","0,347",Yes,Yes,Yes,Yes
5718,1,"-13,0855280208",1.8332036778019213e-24,"-3,4306100281","-2,8616549246","-2,566831171",Yes,Yes,Yes,"1,4602708091","0,01","0,739","0,574","0,463","0,347",Yes,Yes,Yes,Yes
4051,1,"-10,1263641045",9.159299325915284e-18,"-3,4306100281","-2,8616549246","-2,566831171",Yes,Yes,Yes,"0,7534473273","0,01","0,739","0,574","0,463","0,347",Yes,Yes,Yes,Yes
4081,1,"-14,8521752338",1.7703097841727684e-27,"-3,4306100178","-2,86165492","-2,5668311686",Yes,Yes,Yes,"0,3955864964","0,0790575447","0,739","0,574","0,463","0,347",Yes,Yes,Yes,Yes
2356,1,"-13,1268695885",1.5227284422424098e-24,"-3,4306100281","-2,8616549246","-2,566831171",Yes,Yes,Yes,"1,6811776596","0,01","0,739","0,574","0,463","0,347",Yes,Yes,Yes,Yes
4078,1,"-13,157525258",1.3278531296497992e-24,"-3,4306100281","-2,8616549246","-2,566831171",Yes,Yes,Yes,"0,1810179781","0,1","0,739","0,574","0,463","0,347",Yes,Yes,Yes,No
4329,1,"-13,1125604863",1.6235500195449835e-24,"-3,4306100281","-2,8616549246","-2,566831171",Yes,Yes,Yes,"0,3137401","0,1","0,739","0,574","0,463","0,347",Yes,Yes,Yes,No
4332,1,"-13,1127971088",1.6218280723930089e-24,"-3,4306100281","-2,8616549246","-2,566831171",Yes,Yes,Yes,"5,8449189222","0,01","0,739","0,574","0,463","0,347",Yes,Yes,Yes,Yes
5136,1,"-7,7271181927",1.1511302546857812e-11,"-3,4306100281","-2,8616549246","-2,566831171",Yes,Yes,Yes,"2,2635949424","0,01","0,739","0,574","0,463","0,347",Yes,Yes,Yes,Yes
1062,1,"-7,0937613028",4.3424054571386983e-10,"-3,4306100281","-2,8616549246","-2,566831171",Yes,Yes,Yes,"2,216064117","0,01","0,739","0,574","0,463","0,347",Yes,Yes,Yes,Yes
2874,1,"-8,751519263",2.828161716065989e-14,"-3,4306100281","-2,8616549246","-2,566831171",Yes,Yes,Yes,"2,8654019477","0,01","0,739","0,574","0,463","0,347",Yes,Yes,Yes,Yes
6832,1,"-13,7479521428",1.0637751211853223e-25,"-3,4306100281","-2,8616549246","-2,566831171",Yes,Yes,Yes,"2,6901051125","0,01","0,739","0,574","0,463","0,347",Yes,Yes,Yes,Yes
5374,1,"-6,3791294398",2.2449816159264713e-08,"-3,4306100178","-2,86165492","-2,5668311686",Yes,Yes,Yes,"2,1893592089","0,01","0,739","0,574","0,463","0,347",Yes,Yes,Yes,Yes
1977,1,"-15,6114757991",1.7775873700983966e-28,"-3,4306100281","-2,8616549246","-2,566831171",Yes,Yes,Yes,"2,3438242721","0,01","0,739","0,574","0,463","0,347",Yes,Yes,Yes,Yes
3278,1,"-9,9671061704",2.291548810655954e-17,"-3,4306100281","-2,8616549246","-2,566831171",Yes,Yes,Yes,"2,0109534151","0,01","0,739","0,574","0,463","0,347",Yes,Yes,Yes,Yes
1373,1,"-15,569975556",1.992452351108638e-28,"-3,4306100281","-2,8616549246","-2,566831171",Yes,Yes,Yes,"1,5179082029","0,01","0,739","0,574","0,463","0,347",Yes,Yes,Yes,Yes
4087,1,"-8,9052337985",1.1425965079604665e-14,"-3,4306100281","-2,8616549246","-2,566831171",Yes,Yes,Yes,"1,1697171754","0,01","0,739","0,574","0,463","0,347",Yes,Yes,Yes,Yes
7291,1,"-12,8291415217",5.924948400692164e-24,"-3,4306100178","-2,86165492","-2,5668311686",Yes,Yes,Yes,"1,8807311269","0,01","0,739","0,574","0,463","0,347",Yes,Yes,Yes,Yes
6159,1,"-10,567882033",7.4352097190261265e-19,"-3,4306100281","-2,8616549246","-2,566831171",Yes,Yes,Yes,"2,1654673788","0,01","0,739","0,574","0,463","0,347",Yes,Yes,Yes,Yes
5030,1,"-13,7193357158",1.1960950996435184e-25,"-3,4306100281","-2,8616549246","-2,566831171",Yes,Yes,Yes,"1,9288315016","0,01","0,739","0,574","0,463","0,347",Yes,Yes,Yes,Yes
2185,1,"-13,0770448796",1.904590332124582e-24,"-3,4306100281","-2,8616549246","-2,566831171",Yes,Yes,Yes,"1,5963949658","0,01","0,739","0,574","0,463","0,347",Yes,Yes,Yes,Yes
2932,1,"-10,4492784993",1.4524240439914209e-18,"-3,4306100178","-2,86165492","-2,5668311686",Yes,Yes,Yes,"1,6942633675","0,01","0,739","0,574","0,463","0,347",Yes,Yes,Yes,Yes
5013,1,"-12,4245145712",4.0670928313214384e-23,"-3,4306100281","-2,8616549246","-2,566831171",Yes,Yes,Yes,"2,6736655991","0,01","0,739","0,574","0,463","0,347",Yes,Yes,Yes,Yes
5510,1,"-14,1202164971",2.4323410845602376e-26,"-3,4306100178","-2,86165492","-2,5668311686",Yes,Yes,Yes,"1,0882976875","0,01","0,739","0,574","0,463","0,347",Yes,Yes,Yes,Yes
3970,1,"-12,7454431767",8.760687846048129e-24,"-3,4306100281","-2,8616549246","-2,566831171",Yes,Yes,Yes,"2,4427614311","0,01","0,739","0,574","0,463","0,347",Yes,Yes,Yes,Yes
4791,1,"-11,3709405823",8.982884648493652e-21,"-3,4306100281","-2,8616549246","-2,566831171",Yes,Yes,Yes,"4,9797719784","0,01","0,739","0,574","0,463","0,347",Yes,Yes,Yes,Yes
7281,1,"-8,9576491471",8.389230801120769e-15,"-3,4306100281","-2,8616549246","-2,566831171",Yes,Yes,Yes,"7,0414887249","0,01","0,739","0,574","0,463","0,347",Yes,Yes,Yes,Yes
7421,1,"-14,445717501",7.235426461545468e-27,"-3,4306100281","-2,8616549246","-2,566831171",Yes,Yes,Yes,"2,3582538626","0,01","0,739","0,574","0,463","0,347",Yes,Yes,Yes,Yes
1845,1,"-10,8794541659",1.3060354673243492e-19,"-3,4306100281","-2,8616549246","-2,566831171",Yes,Yes,Yes,"2,298225354","0,01","0,739","0,574","0,463","0,347",Yes,Yes,Yes,Yes
7278,1,"-5,7549559175",5.848816838135658e-07,"-3,4306100281","-2,8616549246","-2,566831171",Yes,Yes,Yes,"8,3660614332","0,01","0,739","0,574","0,463","0,347",Yes,Yes,Yes,Yes
4028,1,"-10,2075996597",5.749557371101468e-18,"-3,4306100281","-2,8616549246","-2,566831171",Yes,Yes,Yes,"1,2719577488","0,01","0,739","0,574","0,463","0,347",Yes,Yes,Yes,Yes
6335,1,"-13,5809830595",2.1241415653889576e-25,"-3,4306100281","-2,8616549246","-2,566831171",Yes,Yes,Yes,"1,3810661746","0,01","0,739","0,574","0,463","0,347",Yes,Yes,Yes,Yes
2346,1,"-5,7473126101",6.079140983137364e-07,"-3,4306100281","-2,8616549246","-2,566831171",Yes,Yes,Yes,"2,1589384515","0,01","0,739","0,574","0,463","0,347",Yes,Yes,Yes,Yes
5249,1,"-13,1754354414",1.2260752509503038e-24,"-3,4306100178","-2,86165492","-2,5668311686",Yes,Yes,Yes,"1,8913852182","0,01","0,739","0,574","0,463","0,347",Yes,Yes,Yes,Yes
5317,1,"-12,5597457317",2.1154157948944364e-23,"-3,4306100281","-2,8616549246","-2,566831171",Yes,Yes,Yes,"2,6258959983","0,01","0,739","0,574","0,463","0,347",Yes,Yes,Yes,Yes
4281,1,"-15,4425665118",2.8523353058524755e-28,"-3,4306100281","-2,8616549246","-2,566831171",Yes,Yes,Yes,"0,5260939892","0,0357896421","0,739","0,574","0,463","0,347",Yes,Yes,Yes,Yes
5859,1,"-11,4050271661",7.485997329387988e-21,"-3,4306100281","-2,8616549246","-2,566831171",Yes,Yes,Yes,"2,5044010825","0,01","0,739","0,574","0,463","0,347",Yes,Yes,Yes,Yes
6236,1,"-11,5397240613",3.659411632262858e-21,"-3,4306100281","-2,8616549246","-2,566831171",Yes,Yes,Yes,"1,4828097639","0,01","0,739","0,574","0,463","0,347",Yes,Yes,Yes,Yes
3146,1,"-11,7564974255",1.1752290678989189e-21,"-3,4306100281","-2,8616549246","-2,566831171",Yes,Yes,Yes,"2,988827051","0,01","0,739","0,574","0,463","0,347",Yes,Yes,Yes,Yes
3129,1,"-5,7856891369",5.005781292227202e-07,"-3,4306100281","-2,8616549246","-2,566831171",Yes,Yes,Yes,"1,3297956323","0,01","0,739","0,574","0,463","0,347",Yes,Yes,Yes,Yes
3440,1,"-13,207351742",1.0641632333936583e-24,"-3,4306100178","-2,86165492","-2,5668311686",Yes,Yes,Yes,"1,5171469872","0,01","0,739","0,574","0,463","0,347",Yes,Yes,Yes,Yes
4262,1,"-17,7557503629",3.354998455449713e-30,"-3,4306100281","-2,8616549246","-2,566831171",Yes,Yes,Yes,"2,0589817108","0,01","0,739","0,574","0,463","0,347",Yes,Yes,Yes,Yes
5457,1,"-13,3541805645",5.591190890805233e-25,"-3,4306100281","-2,8616549246","-2,566831171",Yes,Yes,Yes,"1,0366538058","0,01","0,739","0,574","0,463","0,347",Yes,Yes,Yes,Yes
4451,1,"-11,987248737",3.5891752885106135e-22,"-3,4306100281","-2,8616549246","-2,566831171",Yes,Yes,Yes,"2,3980743211","0,01","0,739","0,574","0,463","0,347",Yes,Yes,Yes,Yes
6793,1,"-13,30460765",6.9379455045569835e-25,"-3,4306100281","-2,8616549246","-2,566831171",Yes,Yes,Yes,"1,535756627","0,01","0,739","0,574","0,463","0,347",Yes,Yes,Yes,Yes
6468,1,"-15,0809485126",8.456277768258e-28,"-3,4306100281","-2,8616549246","-2,566831171",Yes,Yes,Yes,"1,3467638506","0,01","0,739","0,574","0,463","0,347",Yes,Yes,Yes,Yes
2018,1,"-12,1977109872",1.2435357176438228e-22,"-3,4306100281","-2,8616549246","-2,566831171",Yes,Yes,Yes,"1,6222536441","0,01","0,739","0,574","0,463","0,347",Yes,Yes,Yes,Yes
4041,1,"-9,920135325",3.0062112810580976e-17,"-3,4306100281","-2,8616549246","-2,566831171",Yes,Yes,Yes,"2,8808048604","0,01","0,739","0,574","0,463","0,347",Yes,Yes,Yes,Yes
6091,1,"-12,4784329992",3.130331295171475e-23,"-3,4306100281","-2,8616549246","-2,566831171",Yes,Yes,Yes,"0,6127054315","0,0214813244","0,739","0,574","0,463","0,347",Yes,Yes,Yes,Yes
5909,1,"-14,7328312817",2.6433130133481042e-27,"-3,4306100281","-2,8616549246","-2,566831171",Yes,Yes,Yes,"1,2402261981","0,01","0,739","0,574","0,463","0,347",Yes,Yes,Yes,Yes
5606,1,"-14,7663659167",2.3592167901675007e-27,"-3,4306100281","-2,8616549246","-2,566831171",Yes,Yes,Yes,"1,1311910919","0,01","0,739","0,574","0,463","0,347",Yes,Yes,Yes,Yes
1202,1,"-15,78189063",1.1285963467195295e-28,"-3,4306100281","-2,8616549246","-2,566831171",Yes,Yes,Yes,"3,6170898762","0,01","0,739","0,574","0,463","0,347",Yes,Yes,Yes,Yes
4820,1,"-11,8964384308",5.707582786923789e-22,"-3,4306100281","-2,8616549246","-2,566831171",Yes,Yes,Yes,"2,8341762193","0,01","0,739","0,574","0,463","0,347",Yes,Yes,Yes,Yes
5988,1,"-13,8523680707",6.967033288172856e-26,"-3,4306100281","-2,8616549246","-2,566831171",Yes,Yes,Yes,"1,537034082","0,01","0,739","0,574","0,463","0,347",Yes,Yes,Yes,Yes
3782,1,"-15,2322461798",5.301550129952467e-28,"-3,4306100281","-2,8616549246","-2,566831171",Yes,Yes,Yes,"0,6392112308","0,0190717063","0,739","0,574","0,463","0,347",Yes,Yes,Yes,Yes
4369,1,"-10,656726119",4.514390598853704e-19,"-3,4306100281","-2,8616549246","-2,566831171",Yes,Yes,Yes,"6,5277735898","0,01","0,739","0,574","0,463","0,347",Yes,Yes,Yes,Yes
6109,1,"-9,1301522337",3.0374276031397585e-15,"-3,4306100281","-2,8616549246","-2,566831171",Yes,Yes,Yes,"0,9711369051","0,01","0,739","0,574","0,463","0,347",Yes,Yes,Yes,Yes
6234,1,"-15,7764421823",1.1446987323841559e-28,"-3,4306100281","-2,8616549246","-2,566831171",Yes,Yes,Yes,"0,8787596096","0,01","0,739","0,574","0,463","0,347",Yes,Yes,Yes,Yes
2135,1,"-9,5800284895",2.1709340856419495e-16,"-3,4306100281","-2,8616549246","-2,566831171",Yes,Yes,Yes,"3,1361356797","0,01","0,739","0,574","0,463","0,347",Yes,Yes,Yes,Yes
5011,1,"-16,0287096024",6.090791237147676e-29,"-3,4306100281","-2,8616549246","-2,566831171",Yes,Yes,Yes,"0,5917777389","0,0233838419","0,739","0,574","0,463","0,347",Yes,Yes,Yes,Yes
1283,1,"-13,8500950235",7.030979059965327e-26,"-3,4306100178","-2,86165492","-2,5668311686",Yes,Yes,Yes,"4,8094503383","0,01","0,739","0,574","0,463","0,347",Yes,Yes,Yes,Yes
3431,1,"-6,1743591288",6.686173087474692e-08,"-3,4306100281","-2,8616549246","-2,566831171",Yes,Yes,Yes,"2,9020381043","0,01","0,739","0,574","0,463","0,347",Yes,Yes,Yes,Yes
1790,1,"-11,3099279334",1.2462772161912005e-20,"-3,4306100178","-2,86165492","-2,5668311686",Yes,Yes,Yes,"1,1269313686","0,01","0,739","0,574","0,463","0,347",Yes,Yes,Yes,Yes
7003,1,"-14,329543869",1.1058564882737565e-26,"-3,4306100281","-2,8616549246","-2,566831171",Yes,Yes,Yes,"0,7452455788","0,01","0,739","0,574","0,463","0,347",Yes,Yes,Yes,Yes
4952,1,"-13,5195877944",2.751526308387062e-25,"-3,4306100281","-2,8616549246","-2,566831171",Yes,Yes,Yes,"1,4785766979","0,01","0,739","0,574","0,463","0,347",Yes,Yes,Yes,Yes
5130,1,"-14,8952906687",1.5355975031549801e-27,"-3,4306100281","-2,8616549246","-2,566831171",Yes,Yes,Yes,"0,7033062731","0,0132448843","0,739","0,574","0,463","0,347",Yes,Yes,Yes,Yes
2319,1,"-16,2953267343",3.3070064758020105e-29,"-3,4306100281","-2,8616549246","-2,566831171",Yes,Yes,Yes,"3,3370966874","0,01","0,739","0,574","0,463","0,347",Yes,Yes,Yes,Yes
5531,1,"-20,5417044935",0,"-3,4306100281","-2,8616549246","-2,566831171",Yes,Yes,Yes,"0,9933255756","0,01","0,739","0,574","0,463","0,347",Yes,Yes,Yes,Yes
5524,1,"-14,641821477",3.613800159796354e-27,"-3,4306100281","-2,8616549246","-2,566831171",Yes,Yes,Yes,"0,5284893521","0,0352501459","0,739","0,574","0,463","0,347",Yes,Yes,Yes,Yes
6066,1,"-12,0902964444",2.1302879735995404e-22,"-3,4306100281","-2,8616549246","-2,566831171",Yes,Yes,Yes,"1,3622460802","0,01","0,739","0,574","0,463","0,347",Yes,Yes,Yes,Yes
1130,1,"-15,3466339758",3.7683241751379106e-28,"-3,4306100281","-2,8616549246","-2,566831171",Yes,Yes,Yes,"1,3879364989","0,01","0,739","0,574","0,463","0,347",Yes,Yes,Yes,Yes
1155,1,"-10,5426727247",8.5695947477215e-19,"-3,4306100281","-2,8616549246","-2,566831171",Yes,Yes,Yes,"5,3016616345","0,01","0,739","0,574","0,463","0,347",Yes,Yes,Yes,Yes
5934,1,"-18,6197149395",2.0617686046633005e-30,"-3,4306100178","-2,86165492","-2,5668311686",Yes,Yes,Yes,"1,4047005063","0,01","0,739","0,574","0,463","0,347",Yes,Yes,Yes,Yes
2988,1,"-18,1444330163",2.4857071495568752e-30,"-3,4306100281","-2,8616549246","-2,566831171",Yes,Yes,Yes,"2,2901378433","0,01","0,739","0,574","0,463","0,347",Yes,Yes,Yes,Yes
3397,1,"-9,2807672319",1.2529524363465039e-15,"-3,4306100281","-2,8616549246","-2,566831171",Yes,Yes,Yes,"3,4189928647","0,01","0,739","0,574","0,463","0,347",Yes,Yes,Yes,Yes
6870,1,"-15,7861935173",1.1160584907871162e-28,"-3,4306100281","-2,8616549246","-2,566831171",Yes,Yes,Yes,"1,9771692852","0,01","0,739","0,574","0,463","0,347",Yes,Yes,Yes,Yes
1818,1,"-9,536082013",2.806418628304333e-16,"-3,4306100281","-2,8616549246","-2,566831171",Yes,Yes,Yes,"2,4779746183","0,01","0,739","0,574","0,463","0,347",Yes,Yes,Yes,Yes
2880,1,"-14,4979768936",5.997161650861291e-27,"-3,4306100178","-2,86165492","-2,5668311686",Yes,Yes,Yes,"3,3298647285","0,01","0,739","0,574","0,463","0,347",Yes,Yes,Yes,Yes
6884,1,"-16,8324350774",1.1551235018072175e-29,"-3,4306100281","-2,8616549246","-2,566831171",Yes,Yes,Yes,"1,6326005906","0,01","0,739","0,574","0,463","0,347",Yes,Yes,Yes,Yes
3971,1,"-11,947149855",4.402969667530974e-22,"-3,4306100178","-2,86165492","-2,5668311686",Yes,Yes,Yes,"0,6798406931","0,0153781188","0,739","0,574","0,463","0,347",Yes,Yes,Yes,Yes
7000,1,"-9,6404035789",1.5263178494417626e-16,"-3,4306100281","-2,8616549246","-2,566831171",Yes,Yes,Yes,"2,3697777724","0,01","0,739","0,574","0,463","0,347",Yes,Yes,Yes,Yes
4276,1,"-18,769701129",2.0253442093290582e-30,"-3,4306100281","-2,8616549246","-2,566831171",Yes,Yes,Yes,"1,5276768455","0,01","0,739","0,574","0,463","0,347",Yes,Yes,Yes,Yes
1892,1,"-12,2485613843",9.657171224736701e-23,"-3,4306100281","-2,8616549246","-2,566831171",Yes,Yes,Yes,"1,2224505432","0,01","0,739","0,574","0,463","0,347",Yes,Yes,Yes,Yes
3458,1,"-9,3034273586",1.0968448557602925e-15,"-3,4306100281","-2,8616549246","-2,566831171",Yes,Yes,Yes,"3,4732776479","0,01","0,739","0,574","0,463","0,347",Yes,Yes,Yes,Yes
1634,1,"-11,1490318992",2.975618999546732e-20,"-3,4306100178","-2,86165492","-2,5668311686",Yes,Yes,Yes,"1,2124414488","0,01","0,739","0,574","0,463","0,347",Yes,Yes,Yes,Yes
3167,1,"-14,6753169457",3.2186450233983766e-27,"-3,4306100281","-2,8616549246","-2,566831171",Yes,Yes,Yes,"1,6011161109","0,01","0,739","0,574","0,463","0,347",Yes,Yes,Yes,Yes
5972,1,"-13,931518736",5.0793842485391036e-26,"-3,4306100178","-2,86165492","-2,5668311686",Yes,Yes,Yes,"1,3978272801","0,01","0,739","0,574","0,463","0,347",Yes,Yes,Yes,Yes
1991,1,"-9,1219918956",3.1868544050738888e-15,"-3,4306100178","-2,86165492","-2,5668311686",Yes,Yes,Yes,"2,1721284231","0,01","0,739","0,574","0,463","0,347",Yes,Yes,Yes,Yes
2208,1,"-7,5456807138",3.2884492355840927e-11,"-3,4306100281","-2,8616549246","-2,566831171",Yes,Yes,Yes,"1,2751433397","0,01","0,739","0,574","0,463","0,347",Yes,Yes,Yes,Yes
1510,1,"-15,5365187917",2.186595325224153e-28,"-3,4306100281","-2,8616549246","-2,566831171",Yes,Yes,Yes,"0,7964219789","0,01","0,739","0,574","0,463","0,347",Yes,Yes,Yes,Yes
2436,1,"-11,9985959912",3.3879689553023807e-22,"-3,4306100281","-2,8616549246","-2,566831171",Yes,Yes,Yes,"2,3613497399","0,01","0,739","0,574","0,463","0,347",Yes,Yes,Yes,Yes
6848,1,"-11,5819189206",2.92892550588351e-21,"-3,4306100178","-2,86165492","-2,5668311686",Yes,Yes,Yes,"2,7135507196","0,01","0,739","0,574","0,463","0,347",Yes,Yes,Yes,Yes
2396,1,"-11,5045440902",4.4084310641884e-21,"-3,4306100281","-2,8616549246","-2,566831171",Yes,Yes,Yes,"1,4898092571","0,01","0,739","0,574","0,463","0,347",Yes,Yes,Yes,Yes
3097,1,"-14,9619436402",1.235852456251423e-27,"-3,4306100281","-2,8616549246","-2,566831171",Yes,Yes,Yes,"4,3816112091","0,01","0,739","0,574","0,463","0,347",Yes,Yes,Yes,Yes
6489,1,"-16,0602337255",5.649368366366476e-29,"-3,4306100281","-2,8616549246","-2,566831171",Yes,Yes,Yes,"1,2755898371","0,01","0,739","0,574","0,463","0,347",Yes,Yes,Yes,Yes
4858,1,"-6,8043423594",2.1961411866830954e-09,"-3,4306100075","-2,8616549155","-2,5668311661",Yes,Yes,Yes,"2,5303781281","0,01","0,739","0,574","0,463","0,347",Yes,Yes,Yes,Yes
1464,1,"-10,4013618137",1.9056850249601235e-18,"-3,4306100281","-2,8616549246","-2,566831171",Yes,Yes,Yes,"1,202379802","0,01","0,739","0,574","0,463","0,347",Yes,Yes,Yes,Yes
5631,1,"-13,0838065005",1.8474643980717986e-24,"-3,4306100281","-2,8616549246","-2,566831171",Yes,Yes,Yes,"4,6818180907","0,01","0,739","0,574","0,463","0,347",Yes,Yes,Yes,Yes
3652,1,"-11,7795305357",1.0428731857503293e-21,"-3,4306100281","-2,8616549246","-2,566831171",Yes,Yes,Yes,"1,091851411","0,01","0,739","0,574","0,463","0,347",Yes,Yes,Yes,Yes
5861,1,"-7,6753465011",1.554152135520884e-11,"-3,4306100178","-2,86165492","-2,5668311686",Yes,Yes,Yes,"2,9795295797","0,01","0,739","0,574","0,463","0,347",Yes,Yes,Yes,Yes
4713,1,"-15,9604305634",7.188561957295976e-29,"-3,4306100281","-2,8616549246","-2,566831171",Yes,Yes,Yes,"5,770288391","0,01","0,739","0,574","0,463","0,347",Yes,Yes,Yes,Yes
6275,1,"-18,2470583353",2.3476331756113582e-30,"-3,4306100281","-2,8616549246","-2,566831171",Yes,Yes,Yes,"0,8612631499","0,01","0,739","0,574","0,463","0,347",Yes,Yes,Yes,Yes
4821,1,"-11,9215232862",5.019219089455588e-22,"-3,4306100281","-2,8616549246","-2,566831171",Yes,Yes,Yes,"1,7228235781","0,01","0,739","0,574","0,463","0,347",Yes,Yes,Yes,Yes
4056,1,"-16,6727327791",1.5399751699672312e-29,"-3,4306100281","-2,8616549246","-2,566831171",Yes,Yes,Yes,"0,4406157723","0,059648374","0,739","0,574","0,463","0,347",Yes,Yes,Yes,Yes
5422,1,"-6,0678521998",1.1700393052245555e-07,"-3,4306100281","-2,8616549246","-2,566831171",Yes,Yes,Yes,"9,1262623295","0,01","0,739","0,574","0,463","0,347",Yes,Yes,Yes,Yes
7354,1,"-12,5564103773",2.1495461228040594e-23,"-3,4306100281","-2,8616549246","-2,566831171",Yes,Yes,Yes,"1,1491124641","0,01","0,739","0,574","0,463","0,347",Yes,Yes,Yes,Yes
3699,1,"-12,6479114575",1.3886753962572107e-23,"-3,4306100281","-2,8616549246","-2,566831171",Yes,Yes,Yes,"3,9846803006","0,01","0,739","0,574","0,463","0,347",Yes,Yes,Yes,Yes
1453,1,"-19,4552922468",0,"-3,4306100281","-2,8616549246","-2,566831171",Yes,Yes,Yes,"0,2814408173","0,1","0,739","0,574","0,463","0,347",Yes,Yes,Yes,No
5557,1,"-12,7672430711",7.909229632305035e-24,"-3,4306100281","-2,8616549246","-2,566831171",Yes,Yes,Yes,"1,6138615821","0,01","0,739","0,574","0,463","0,347",Yes,Yes,Yes,Yes
2209,1,"-15,7477909117",1.2337136264590232e-28,"-3,4306100281","-2,8616549246","-2,566831171",Yes,Yes,Yes,"2,3623522637","0,01","0,739","0,574","0,463","0,347",Yes,Yes,Yes,Yes
2896,1,"-16,677983296",1.5249647749173929e-29,"-3,4306100281","-2,8616549246","-2,566831171",Yes,Yes,Yes,"1,1544283904","0,01","0,739","0,574","0,463","0,347",Yes,Yes,Yes,Yes
2168,1,"-10,2619367768",4.2144341687100495e-18,"-3,4306100281","-2,8616549246","-2,566831171",Yes,Yes,Yes,"10,1978888088","0,01","0,739","0,574","0,463","0,347",Yes,Yes,Yes,Yes
6930,1,"-11,7809146635",1.0354198556090242e-21,"-3,4306100281","-2,8616549246","-2,566831171",Yes,Yes,Yes,"1,9602183707","0,01","0,739","0,574","0,463","0,347",Yes,Yes,Yes,Yes
5957,1,"-12,2781523778",8.340829262133697e-23,"-3,4306100178","-2,86165492","-2,5668311686",Yes,Yes,Yes,"3,2148291875","0,01","0,739","0,574","0,463","0,347",Yes,Yes,Yes,Yes
6023,1,"-16,4173080543",2.549978642355763e-29,"-3,4306100281","-2,8616549246","-2,566831171",Yes,Yes,Yes,"2,5941540649","0,01","0,739","0,574","0,463","0,347",Yes,Yes,Yes,Yes
3417,1,"-15,8000887582",1.0766222571596076e-28,"-3,4306100281","-2,8616549246","-2,566831171",Yes,Yes,Yes,"1,7685505913","0,01","0,739","0,574","0,463","0,347",Yes,Yes,Yes,Yes
1935,1,"-13,1243745574",1.5398328392822645e-24,"-3,4306100178","-2,86165492","-2,5668311686",Yes,Yes,Yes,"1,8198526973","0,01","0,739","0,574","0,463","0,347",Yes,Yes,Yes,Yes
3243,1,"-17,5348120878",4.218677896681248e-30,"-3,4306100281","-2,8616549246","-2,566831171",Yes,Yes,Yes,"1,0514702189","0,01","0,739","0,574","0,463","0,347",Yes,Yes,Yes,Yes
3405,1,"-7,7353971124",1.0971262284856044e-11,"-3,4306100178","-2,86165492","-2,5668311686",Yes,Yes,Yes,"3,6913191335","0,01","0,739","0,574","0,463","0,347",Yes,Yes,Yes,Yes
3229,1,"-14,8444766154",1.8161102249512885e-27,"-3,4306100281","-2,8616549246","-2,566831171",Yes,Yes,Yes,"0,4749549939","0,0473074338","0,739","0,574","0,463","0,347",Yes,Yes,Yes,Yes
7366,1,"-15,6314454991",1.683428258176125e-28,"-3,4306100281","-2,8616549246","-2,566831171",Yes,Yes,Yes,"2,3162594319","0,01","0,739","0,574","0,463","0,347",Yes,Yes,Yes,Yes
4878,1,"-9,7739862",7.014044510681996e-17,"-3,4306100178","-2,86165492","-2,5668311686",Yes,Yes,Yes,"1,2433828712","0,01","0,739","0,574","0,463","0,347",Yes,Yes,Yes,Yes
2753,1,"-11,5007192189",4.498732753229916e-21,"-3,4306100281","-2,8616549246","-2,566831171",Yes,Yes,Yes,"1,1180187936","0,01","0,739","0,574","0,463","0,347",Yes,Yes,Yes,Yes
3176,1,"-14,3668489269",9.640215133559726e-27,"-3,4306100281","-2,8616549246","-2,566831171",Yes,Yes,Yes,"4,42592356","0,01","0,739","0,574","0,463","0,347",Yes,Yes,Yes,Yes
5789,1,"-12,4998137676",2.8228675217039766e-23,"-3,4306100281","-2,8616549246","-2,566831171",Yes,Yes,Yes,"1,104405738","0,01","0,739","0,574","0,463","0,347",Yes,Yes,Yes,Yes
1923,1,"-18,8156999588",2.022302041568949e-30,"-3,4306100281","-2,8616549246","-2,566831171",Yes,Yes,Yes,"1,0853012897","0,01","0,739","0,574","0,463","0,347",Yes,Yes,Yes,Yes
2871,1,"-11,2114804283",2.1201983751867578e-20,"-3,4306100281","-2,8616549246","-2,566831171",Yes,Yes,Yes,"4,3631625623","0,01","0,739","0,574","0,463","0,347",Yes,Yes,Yes,Yes
2685,1,"-20,3742129933",0,"-3,4306100281","-2,8616549246","-2,566831171",Yes,Yes,Yes,"0,607043163","0,0219960761","0,739","0,574","0,463","0,347",Yes,Yes,Yes,Yes
1426,1,"-10,9436862962",9.160255740913783e-20,"-3,4306100281","-2,8616549246","-2,566831171",Yes,Yes,Yes,"1,9747131156","0,01","0,739","0,574","0,463","0,347",Yes,Yes,Yes,Yes
4777,1,"-11,0342865947",5.567460083659276e-20,"-3,4306100281","-2,8616549246","-2,566831171",Yes,Yes,Yes,"1,321298267","0,01","0,739","0,574","0,463","0,347",Yes,Yes,Yes,Yes
4758,1,"-14,0294685427",3.455460430103023e-26,"-3,4306100281","-2,8616549246","-2,566831171",Yes,Yes,Yes,"1,6936215966","0,01","0,739","0,574","0,463","0,347",Yes,Yes,Yes,Yes
6305,1,"-16,0698041563",5.522678770855903e-29,"-3,4306100281","-2,8616549246","-2,566831171",Yes,Yes,Yes,"0,2627200817","0,1","0,739","0,574","0,463","0,347",Yes,Yes,Yes,No
3505,1,"-10,9158546205",1.0680276014190486e-19,"-3,4306100281","-2,8616549246","-2,566831171",Yes,Yes,Yes,"2,5549214936","0,01","0,739","0,574","0,463","0,347",Yes,Yes,Yes,Yes
3641,1,"-14,2209851016",1.6579897970563103e-26,"-3,4306100281","-2,8616549246","-2,566831171",Yes,Yes,Yes,"1,4549649867","0,01","0,739","0,574","0,463","0,347",Yes,Yes,Yes,Yes
3228,1,"-13,1331365968",1.4806232096685017e-24,"-3,4306100281","-2,8616549246","-2,566831171",Yes,Yes,Yes,"0,6871452556","0,0147140677","0,739","0,574","0,463","0,347",Yes,Yes,Yes,Yes
3528,1,"-6,9397140078",1.0325940534309271e-09,"-3,4306100281","-2,8616549246","-2,566831171",Yes,Yes,Yes,"6,2061756247","0,01","0,739","0,574","0,463","0,347",Yes,Yes,Yes,Yes
1606,1,"-12,4573774661",3.466646791842454e-23,"-3,4306100178","-2,86165492","-2,5668311686",Yes,Yes,Yes,"2,2987331214","0,01","0,739","0,574","0,463","0,347",Yes,Yes,Yes,Yes
1428,1,"-13,5371651433",2.5544074382501818e-25,"-3,4306100281","-2,8616549246","-2,566831171",Yes,Yes,Yes,"1,9053813216","0,01","0,739","0,574","0,463","0,347",Yes,Yes,Yes,Yes
4672,1,"-15,8135213074",1.0399769408872145e-28,"-3,4306100281","-2,8616549246","-2,566831171",Yes,Yes,Yes,"1,2977964622","0,01","0,739","0,574","0,463","0,347",Yes,Yes,Yes,Yes
5172,1,"-13,4168121647",4.266109061726711e-25,"-3,4306100281","-2,8616549246","-2,566831171",Yes,Yes,Yes,"0,9985127616","0,01","0,739","0,574","0,463","0,347",Yes,Yes,Yes,Yes
2785,1,"-15,4767087555",2.5876519491863037e-28,"-3,4306100281","-2,8616549246","-2,566831171",Yes,Yes,Yes,"1,9052348826","0,01","0,739","0,574","0,463","0,347",Yes,Yes,Yes,Yes
3479,1,"-12,8076404626",6.5486926150953355e-24,"-3,4306100281","-2,8616549246","-2,566831171",Yes,Yes,Yes,"1,4978816802","0,01","0,739","0,574","0,463","0,347",Yes,Yes,Yes,Yes
5784,1,"-12,4934811539",2.910570246475715e-23,"-3,4306100281","-2,8616549246","-2,566831171",Yes,Yes,Yes,"1,8327901249","0,01","0,739","0,574","0,463","0,347",Yes,Yes,Yes,Yes
6355,2,"-10,3140643125",3.1305510228375033e-18,"-3,4306100281","-2,8616549246","-2,566831171",Yes,Yes,Yes,"0,65892156","0,0172798582","0,739","0,574","0,463","0,347",Yes,Yes,Yes,Yes
4873,2,"-11,8254976826",8.222068408793844e-22,"-3,4306100281","-2,8616549246","-2,566831171",Yes,Yes,Yes,"3,7093571095","0,01","0,739","0,574","0,463","0,347",Yes,Yes,Yes,Yes
4465,2,"-15,7714410452",1.1597054628747697e-28,"-3,4306100075","-2,8616549155","-2,5668311661",Yes,Yes,Yes,"0,3241048644","0,1","0,739","0,574","0,463","0,347",Yes,Yes,Yes,No
6867,2,"-5,9224824765",2.487610005672172e-07,"-3,4306100281","-2,8616549246","-2,566831171",Yes,Yes,Yes,"5,1569157876","0,01","0,739","0,574","0,463","0,347",Yes,Yes,Yes,Yes
1525,2,"-5,8476981255",3.6506664611605085e-07,"-3,4306100281","-2,8616549246","-2,566831171",Yes,Yes,Yes,"13,1135326301","0,01","0,739","0,574","0,463","0,347",Yes,Yes,Yes,Yes
2929,2,"-8,701638783",3.795278985336079e-14,"-3,4306100281","-2,8616549246","-2,566831171",Yes,Yes,Yes,"3,9625265896","0,01","0,739","0,574","0,463","0,347",Yes,Yes,Yes,Yes
4748,2,"-2,7063544731","0,0729451078","-3,4306100281","-2,8616549246","-2,566831171",Yes,Yes,Yes,"2,9906655847","0,01","0,739","0,574","0,463","0,347",Yes,Yes,Yes,Yes
6090,2,"-2,4782701135","0,1208513548","-3,4306100281","-2,8616549246","-2,566831171",Yes,Yes,Yes,"14,190972017","0,01","0,739","0,574","0,463","0,347",Yes,Yes,Yes,Yes
3926,2,"-6,8382356411",1.8191539312147786e-09,"-3,4306100281","-2,8616549246","-2,566831171",Yes,Yes,Yes,"6,8114345744","0,01","0,739","0,574","0,463","0,347",Yes,Yes,Yes,Yes
5169,2,"-5,9563214739",2.0891271538952863e-07,"-3,4306100281","-2,8616549246","-2,566831171",Yes,Yes,Yes,"1,5584994496","0,01","0,739","0,574","0,463","0,347",Yes,Yes,Yes,Yes
1369,2,"-6,8064375682",2.1707477806485793e-09,"-3,4306100281","-2,8616549246","-2,566831171",Yes,Yes,Yes,"7,5220518332","0,01","0,739","0,574","0,463","0,347",Yes,Yes,Yes,Yes
5486,2,"-3,110477514","0,0257874596","-3,4306100281","-2,8616549246","-2,566831171",Yes,Yes,Yes,"2,978506171","0,01","0,739","0,574","0,463","0,347",Yes,Yes,Yes,Yes
6512,2,"-8,6010025627",6.869495516341904e-14,"-3,4306100281","-2,8616549246","-2,566831171",Yes,Yes,Yes,"1,7021486522","0,01","0,739","0,574","0,463","0,347",Yes,Yes,Yes,Yes
5421,2,"-18,8420495218",0,"-3,4306100281","-2,8616549246","-2,566831171",Yes,Yes,Yes,"1,3933378697","0,01","0,739","0,574","0,463","0,347",Yes,Yes,Yes,Yes
1307,2,"-11,4842833712",4.908635782503625e-21,"-3,4306100281","-2,8616549246","-2,566831171",Yes,Yes,Yes,"1,5736672407","0,01","0,739","0,574","0,463","0,347",Yes,Yes,Yes,Yes
4462,2,"-3,9641319655","0,0016104217","-3,4306100281","-2,8616549246","-2,566831171",Yes,Yes,Yes,"2,8394709977","0,01","0,739","0,574","0,463","0,347",Yes,Yes,Yes,Yes
5762,2,"-1,2061253303","0,6709552145","-3,4306100281","-2,8616549246","-2,566831171",Yes,Yes,Yes,"2,6331774901","0,01","0,739","0,574","0,463","0,347",Yes,Yes,Yes,Yes
7015,2,"-10,9846663499",7.310408193400105e-20,"-3,4306100281","-2,8616549246","-2,566831171",Yes,Yes,Yes,"0,1439201597","0,1","0,739","0,574","0,463","0,347",Yes,Yes,Yes,No
4422,2,"-7,4904954604",4.5190372670145933e-11,"-3,4306100281","-2,8616549246","-2,566831171",Yes,Yes,Yes,"1,9916417291","0,01","0,739","0,574","0,463","0,347",Yes,Yes,Yes,Yes
6888,2,"-14,0031302039",3.8301621382687377e-26,"-3,4306100281","-2,8616549246","-2,566831171",Yes,Yes,Yes,"0,8322713749","0,01","0,739","0,574","0,463","0,347",Yes,Yes,Yes,Yes
3739,2,"-10,9545340005",8.628814194533539e-20,"-3,4306100281","-2,8616549246","-2,566831171",Yes,Yes,Yes,"1,5522389698","0,01","0,739","0,574","0,463","0,347",Yes,Yes,Yes,Yes
3285,2,"-12,6673644021",1.2662402227830565e-23,"-3,4306100281","-2,8616549246","-2,566831171",Yes,Yes,Yes,"0,0472937469","0,1","0,739","0,574","0,463","0,347",Yes,Yes,Yes,No
1370,2,"-13,7936350506",8.83183633779017e-26,"-3,4306100281","-2,8616549246","-2,566831171",Yes,Yes,Yes,"1,90002272","0,01","0,739","0,574","0,463","0,347",Yes,Yes,Yes,Yes
3777,2,"-10,1184257315",9.586468826508148e-18,"-3,4306100281","-2,8616549246","-2,566831171",Yes,Yes,Yes,"0,8120118396","0,01","0,739","0,574","0,463","0,347",Yes,Yes,Yes,Yes
4796,2,"-9,0106311457",6.139644089710551e-15,"-3,4306100281","-2,8616549246","-2,566831171",Yes,Yes,Yes,"2,3823572732","0,01","0,739","0,574","0,463","0,347",Yes,Yes,Yes,Yes
1028,2,"-13,6424475585",1.643292641816665e-25,"-3,4306100281","-2,8616549246","-2,566831171",Yes,Yes,Yes,"0,3214657002","0,1","0,739","0,574","0,463","0,347",Yes,Yes,Yes,No
1503,2,"-13,8743728399",6.378411694613546e-26,"-3,4306100281","-2,8616549246","-2,566831171",Yes,Yes,Yes,"0,2249039526","0,1","0,739","0,574","0,463","0,347",Yes,Yes,Yes,No
4163,2,"-6,0605261978",1.2156948607616476e-07,"-3,4306100281","-2,8616549246","-2,566831171",Yes,Yes,Yes,"17,0452243963","0,01","0,739","0,574","0,463","0,347",Yes,Yes,Yes,Yes
4558,2,"-14,9534623739",1.2702440080968919e-27,"-3,4306100281","-2,8616549246","-2,566831171",Yes,Yes,Yes,"0,8231158402","0,01","0,739","0,574","0,463","0,347",Yes,Yes,Yes,Yes
3214,2,"-10,0856866878",1.1570854048382382e-17,"-3,4306100281","-2,8616549246","-2,566831171",Yes,Yes,Yes,"6,6978636348","0,01","0,739","0,574","0,463","0,347",Yes,Yes,Yes,Yes
2554,2,"-11,8893234589",5.919794723874281e-22,"-3,4306100281","-2,8616549246","-2,566831171",Yes,Yes,Yes,"0,6095648388","0,0217668328","0,739","0,574","0,463","0,347",Yes,Yes,Yes,Yes
2930,2,"-9,9349721235",2.7590600008730615e-17,"-3,4306100281","-2,8616549246","-2,566831171",Yes,Yes,Yes,"0,1910813745","0,1","0,739","0,574","0,463","0,347",Yes,Yes,Yes,No
7195,2,"-4,8057149286",5.303329456988352e-05,"-3,4306100281","-2,8616549246","-2,566831171",Yes,Yes,Yes,"2,7358553354","0,01","0,739","0,574","0,463","0,347",Yes,Yes,Yes,Yes
2488,2,"-4,939501189",2.9198496845783937e-05,"-3,4306100281","-2,8616549246","-2,566831171",Yes,Yes,Yes,"2,6426081937","0,01","0,739","0,574","0,463","0,347",Yes,Yes,Yes,Yes
2527,2,"-4,6932625798",8.663969555343276e-05,"-3,4306100281","-2,8616549246","-2,566831171",Yes,Yes,Yes,"3,4391874245","0,01","0,739","0,574","0,463","0,347",Yes,Yes,Yes,Yes
1637,2,"-11,8496216404",7.260393967103167e-22,"-3,4306100281","-2,8616549246","-2,566831171",Yes,Yes,Yes,"1,9439311073","0,01","0,739","0,574","0,463","0,347",Yes,Yes,Yes,Yes
6956,3,"-16,8851493962",1.0554968098176586e-29,"-3,4306100281","-2,8616549246","-2,566831171",Yes,Yes,Yes,"1,1592480814","0,01","0,739","0,574","0,463","0,347",Yes,Yes,Yes,Yes
1702,3,"-16,767267168",1.2955753775240272e-29,"-3,4306100281","-2,8616549246","-2,566831171",Yes,Yes,Yes,"1,3490057085","0,01","0,739","0,574","0,463","0,347",Yes,Yes,Yes,Yes
3186,3,"-9,8105539148",5.672187162775801e-17,"-3,4306100281","-2,8616549246","-2,566831171",Yes,Yes,Yes,"12,0753589758","0,01","0,739","0,574","0,463","0,347",Yes,Yes,Yes,Yes
6062,3,"-14,076680733",2.876549986196505e-26,"-3,4306100178","-2,86165492","-2,5668311686",Yes,Yes,Yes,"0,2099269547","0,1","0,739","0,574","0,463","0,347",Yes,Yes,Yes,No
4330,3,"-12,0408581793",2.7343622643490832e-22,"-3,4306100281","-2,8616549246","-2,566831171",Yes,Yes,Yes,"6,9964961584","0,01","0,739","0,574","0,463","0,347",Yes,Yes,Yes,Yes
2622,3,"-12,4131908057",4.297795000413189e-23,"-3,4306100281","-2,8616549246","-2,566831171",Yes,Yes,Yes,"1,0061002316","0,01","0,739","0,574","0,463","0,347",Yes,Yes,Yes,Yes
5131,3,"-7,7170368629",1.2204726568039422e-11,"-3,4306100281","-2,8616549246","-2,566831171",Yes,Yes,Yes,"7,3068053786","0,01","0,739","0,574","0,463","0,347",Yes,Yes,Yes,Yes
6105,3,"-13,5913405596",2.033882868938896e-25,"-3,4306100281","-2,8616549246","-2,566831171",Yes,Yes,Yes,"2,1375561357","0,01","0,739","0,574","0,463","0,347",Yes,Yes,Yes,Yes
4556,3,"-9,9538561032",2.4738086724677194e-17,"-3,4306100281","-2,8616549246","-2,566831171",Yes,Yes,Yes,"11,4992129084","0,01","0,739","0,574","0,463","0,347",Yes,Yes,Yes,Yes
1113,3,"-12,7045042557",1.0622742293433309e-23,"-3,4306100281","-2,8616549246","-2,566831171",Yes,Yes,Yes,"4,1667976134","0,01","0,739","0,574","0,463","0,347",Yes,Yes,Yes,Yes
1290,3,"-12,4094926335",4.376001754797656e-23,"-3,4306100178","-2,86165492","-2,5668311686",Yes,Yes,Yes,"2,8311611507","0,01","0,739","0,574","0,463","0,347",Yes,Yes,Yes,Yes
7367,3,"-7,4292714997",6.424671290041315e-11,"-3,4306100281","-2,8616549246","-2,566831171",Yes,Yes,Yes,"2,2323895218","0,01","0,739","0,574","0,463","0,347",Yes,Yes,Yes,Yes
3582,3,"-5,2643410152",6.488026552375385e-06,"-3,4306100281","-2,8616549246","-2,566831171",Yes,Yes,Yes,"3,6276459983","0,01","0,739","0,574","0,463","0,347",Yes,Yes,Yes,Yes
5405,3,"-12,5765455562",1.951747611729246e-23,"-3,4306100281","-2,8616549246","-2,566831171",Yes,Yes,Yes,"0,6832325751","0,0150697659","0,739","0,574","0,463","0,347",Yes,Yes,Yes,Yes
3570,3,"-11,7422291942",1.265664556795986e-21,"-3,4306100281","-2,8616549246","-2,566831171",Yes,Yes,Yes,"0,8632951405","0,01","0,739","0,574","0,463","0,347",Yes,Yes,Yes,Yes
6696,3,"-11,6112267878",2.510336792596354e-21,"-3,4306100281","-2,8616549246","-2,566831171",Yes,Yes,Yes,"0,355682121","0,0962577065","0,739","0,574","0,463","0,347",Yes,Yes,Yes,Yes
1968,3,"-10,3295668915",2.8660100253462898e-18,"-3,4306100281","-2,8616549246","-2,566831171",Yes,Yes,Yes,"15,0243763356","0,01","0,739","0,574","0,463","0,347",Yes,Yes,Yes,Yes
4532,3,"-7,7989544473",7.583596269966543e-12,"-3,4306100281","-2,8616549246","-2,566831171",Yes,Yes,Yes,"2,2420836324","0,01","0,739","0,574","0,463","0,347",Yes,Yes,Yes,Yes
2142,3,"-16,1077588448",5.051315917449177e-29,"-3,4306100281","-2,8616549246","-2,566831171",Yes,Yes,Yes,"2,5522703952","0,01","0,739","0,574","0,463","0,347",Yes,Yes,Yes,Yes
5357,3,"-11,6913518072",1.6498334222896066e-21,"-3,4306100178","-2,86165492","-2,5668311686",Yes,Yes,Yes,"1,3894471382","0,01","0,739","0,574","0,463","0,347",Yes,Yes,Yes,Yes
6484,3,"-5,1899705305",9.216208602323652e-06,"-3,4306100281","-2,8616549246","-2,566831171",Yes,Yes,Yes,"10,0887224829","0,01","0,739","0,574","0,463","0,347",Yes,Yes,Yes,Yes
6423,3,"-7,5876799999",2.5806428223942167e-11,"-3,4306100281","-2,8616549246","-2,566831171",Yes,Yes,Yes,"2,3676819864","0,01","0,739","0,574","0,463","0,347",Yes,Yes,Yes,Yes
6780,3,"-18,4480807348",2.1559251314130746e-30,"-3,4306100281","-2,8616549246","-2,566831171",Yes,Yes,Yes,"1,0880012594","0,01","0,739","0,574","0,463","0,347",Yes,Yes,Yes,Yes
1087,3,"-16,095622503",5.196827239500562e-29,"-3,4306100281","-2,8616549246","-2,566831171",Yes,Yes,Yes,"0,5949631087","0,0230942628","0,739","0,574","0,463","0,347",Yes,Yes,Yes,Yes
3365,3,"-12,2950284265",7.673620553830282e-23,"-3,4306100281","-2,8616549246","-2,566831171",Yes,Yes,Yes,"1,4307152747","0,01","0,739","0,574","0,463","0,347",Yes,Yes,Yes,Yes
1629,3,"-16,8204987469",1.1793420803996176e-29,"-3,4306100281","-2,8616549246","-2,566831171",Yes,Yes,Yes,"6,4239362979","0,01","0,739","0,574","0,463","0,347",Yes,Yes,Yes,Yes
1292,3,"-13,103335309",1.692171707956788e-24,"-3,4306100281","-2,8616549246","-2,566831171",Yes,Yes,Yes,"3,978531854","0,01","0,739","0,574","0,463","0,347",Yes,Yes,Yes,Yes
2891,3,"-14,5364644877",5.2294059221141564e-27,"-3,4306100281","-2,8616549246","-2,566831171",Yes,Yes,Yes,"0,6432299912","0,0187063644","0,739","0,574","0,463","0,347",Yes,Yes,Yes,Yes
2048,3,"-11,7535275092",1.1934957446512415e-21,"-3,4306100281","-2,8616549246","-2,566831171",Yes,Yes,Yes,"3,585779163","0,01","0,739","0,574","0,463","0,347",Yes,Yes,Yes,Yes
5487,3,"-13,3180224387",6.543392513772612e-25,"-3,4306100281","-2,8616549246","-2,566831171",Yes,Yes,Yes,"1,3071396142","0,01","0,739","0,574","0,463","0,347",Yes,Yes,Yes,Yes
4876,3,"-17,1875045506",6.585277641107516e-30,"-3,4306100281","-2,8616549246","-2,566831171",Yes,Yes,Yes,"1,7283173563","0,01","0,739","0,574","0,463","0,347",Yes,Yes,Yes,Yes
3592,3,"-13,7211656416",1.187142522263086e-25,"-3,4306100281","-2,8616549246","-2,566831171",Yes,Yes,Yes,"1,6169474594","0,01","0,739","0,574","0,463","0,347",Yes,Yes,Yes,Yes
6563,3,"-6,5276197197",1.005394858358176e-08,"-3,4306100281","-2,8616549246","-2,566831171",Yes,Yes,Yes,"3,9220271364","0,01","0,739","0,574","0,463","0,347",Yes,Yes,Yes,Yes
3608,3,"-20,9605810312",0,"-3,4306100281","-2,8616549246","-2,566831171",Yes,Yes,Yes,"0,301947431","0,1","0,739","0,574","0,463","0,347",Yes,Yes,Yes,No
1423,3,"-16,7360338252",1.3705596696789708e-29,"-3,4306100281","-2,8616549246","-2,566831171",Yes,Yes,Yes,"1,1817019613","0,01","0,739","0,574","0,463","0,347",Yes,Yes,Yes,Yes
3252,3,"-11,9842716055",3.643952291250334e-22,"-3,4306100281","-2,8616549246","-2,566831171",Yes,Yes,Yes,"0,5625204969","0,0275854737","0,739","0,574","0,463","0,347",Yes,Yes,Yes,Yes
1925,3,"-6,2136451613",5.431473101665224e-08,"-3,4306100178","-2,86165492","-2,5668311686",Yes,Yes,Yes,"1,6966498036","0,01","0,739","0,574","0,463","0,347",Yes,Yes,Yes,Yes
6195,3,"-17,7077874416",3.513388356971553e-30,"-3,4306100281","-2,8616549246","-2,566831171",Yes,Yes,Yes,"0,8613696906","0,01","0,739","0,574","0,463","0,347",Yes,Yes,Yes,Yes
3910,3,"-18,2396988991",2.3565504174458227e-30,"-3,4306100281","-2,8616549246","-2,566831171",Yes,Yes,Yes,"3,9171787592","0,01","0,739","0,574","0,463","0,347",Yes,Yes,Yes,Yes
5495,3,"-12,196144792",1.2532832979922226e-22,"-3,4306100281","-2,8616549246","-2,566831171",Yes,Yes,Yes,"1,5896062649","0,01","0,739","0,574","0,463","0,347",Yes,Yes,Yes,Yes
6213,3,"-16,111540658",5.0069338356869807e-29,"-3,4306100281","-2,8616549246","-2,566831171",Yes,Yes,Yes,"1,3173167213","0,01","0,739","0,574","0,463","0,347",Yes,Yes,Yes,Yes
7054,3,"-10,6511378698",4.657998457073261e-19,"-3,4306100281","-2,8616549246","-2,566831171",Yes,Yes,Yes,"0,6429655572","0,0187304039","0,739","0,574","0,463","0,347",Yes,Yes,Yes,Yes
3399,3,"-14,424624117",7.809203090333378e-27,"-3,4306100281","-2,8616549246","-2,566831171",Yes,Yes,Yes,"0,4318255375","0,0634372683","0,739","0,574","0,463","0,347",Yes,Yes,Yes,Yes
3951,3,"-12,8368778346",5.7157253666313755e-24,"-3,4306100281","-2,8616549246","-2,566831171",Yes,Yes,Yes,"0,9826575649","0,01","0,739","0,574","0,463","0,347",Yes,Yes,Yes,Yes
6741,3,"-12,5202879618",2.5573679784890283e-23,"-3,4306100281","-2,8616549246","-2,566831171",Yes,Yes,Yes,"12,3838097804","0,01","0,739","0,574","0,463","0,347",Yes,Yes,Yes,Yes
1522,3,"-3,634749392","0,0051304082","-3,4306100178","-2,86165492","-2,5668311686",Yes,Yes,Yes,"2,5117496458","0,01","0,739","0,574","0,463","0,347",Yes,Yes,Yes,Yes
1327,3,"-16,4136108464",2.569685276456183e-29,"-3,4306100281","-2,8616549246","-2,566831171",Yes,Yes,Yes,"2,5363742206","0,01","0,739","0,574","0,463","0,347",Yes,Yes,Yes,Yes
1851,3,"-12,2519019919",9.498516252542547e-23,"-3,4306100281","-2,8616549246","-2,566831171",Yes,Yes,Yes,"1,3683123037","0,01","0,739","0,574","0,463","0,347",Yes,Yes,Yes,Yes
7138,3,"-5,4968654759",2.113830190847934e-06,"-3,4306100281","-2,8616549246","-2,566831171",Yes,Yes,Yes,"16,0997367152","0,01","0,739","0,574","0,463","0,347",Yes,Yes,Yes,Yes
5787,3,"-12,2803573442",8.250395008728531e-23,"-3,4306100281","-2,8616549246","-2,566831171",Yes,Yes,Yes,"1,0511581856","0,01","0,739","0,574","0,463","0,347",Yes,Yes,Yes,Yes
2130,3,"-10,2738528218",3.937296043044409e-18,"-3,4306100281","-2,8616549246","-2,566831171",Yes,Yes,Yes,"1,309243975","0,01","0,739","0,574","0,463","0,347",Yes,Yes,Yes,Yes
3497,3,"-9,0414311176",5.120956221403772e-15,"-3,4306100281","-2,8616549246","-2,566831171",Yes,Yes,Yes,"0,8212257959","0,01","0,739","0,574","0,463","0,347",Yes,Yes,Yes,Yes
7048,3,"-9,5225859236",3.0368152882394226e-16,"-3,4306100178","-2,86165492","-2,5668311686",Yes,Yes,Yes,"1,9949257454","0,01","0,739","0,574","0,463","0,347",Yes,Yes,Yes,Yes
1474,3,"-12,2167866682",1.1308364231102866e-22,"-3,4306100178","-2,86165492","-2,5668311686",Yes,Yes,Yes,"6,4752867662","0,01","0,739","0,574","0,463","0,347",Yes,Yes,Yes,Yes
4460,3,"-9,0365447108",5.270479410820118e-15,"-3,4306100281","-2,8616549246","-2,566831171",Yes,Yes,Yes,"0,9409164382","0,01","0,739","0,574","0,463","0,347",Yes,Yes,Yes,Yes
5692,3,"-16,5065708927",2.124766201063995e-29,"-3,4306100281","-2,8616549246","-2,566831171",Yes,Yes,Yes,"5,3365491288","0,01","0,739","0,574","0,463","0,347",Yes,Yes,Yes,Yes
5388,3,"-9,8297880664",5.073238314112956e-17,"-3,4306100281","-2,8616549246","-2,566831171",Yes,Yes,Yes,"2,0378444394","0,01","0,739","0,574","0,463","0,347",Yes,Yes,Yes,Yes
6872,3,"-13,6551299747",1.5590002683022536e-25,"-3,4306100281","-2,8616549246","-2,566831171",Yes,Yes,Yes,"1,729540188","0,01","0,739","0,574","0,463","0,347",Yes,Yes,Yes,Yes
5523,3,"-9,1440117301",2.799548024212059e-15,"-3,4306100281","-2,8616549246","-2,566831171",Yes,Yes,Yes,"1,7055632303","0,01","0,739","0,574","0,463","0,347",Yes,Yes,Yes,Yes
1330,3,"-12,5378579872",2.3499468760714116e-23,"-3,4306100281","-2,8616549246","-2,566831171",Yes,Yes,Yes,"0,539072461","0,0328665628","0,739","0,574","0,463","0,347",Yes,Yes,Yes,Yes
