meterID,detector,attack,threshold,time_model_creation,time_model_prediction,n_tp,n_tn,n_fp,n_fn,accuracy
1014,LSTM_2,False,0.3,862.2727961540222,63.077605962753296,0,1846,3144,0,0.36993987975951903
1014,LSTM_3,False,0.3,1079.6347966194153,63.97238039970398,0,1538,3451,0,0.3082782120665464
1014,LSTM_5,False,0.3,1563.8421413898468,66.22692775726318,0,1474,3513,0,0.2955684780429116
1014,LSTM_7,False,0.3,2015.047800540924,64.5847373008728,0,2169,2816,0,0.4351053159478435
1014,LSTM_2,Avg,0.3,1098.6711115837097,57.65411162376404,1306,0,0,3684,0.26172344689378757
1014,LSTM_3,Avg,0.3,1254.496299982071,55.31012582778931,992,0,0,3997,0.1988374423732211
1014,LSTM_10,False,0.3,2654.49143743515,76.7936041355133,0,2007,2975,0,0.40285026093938175
1014,LSTM_2,FDI10,0.3,1082.4043185710907,59.47912549972534,4917,0,0,73,0.9853707414829659
1014,LSTM_5,Avg,0.3,1719.1097071170807,53.5841863155365,1018,0,0,3969,0.20413073992380187
1014,LSTM_14,False,0.3,3549.1710608005524,65.2591941356659,0,2022,2956,0,0.4061872237846525
1014,LSTM_3,FDI10,0.3,1271.9608001708984,42.309903621673584,4911,0,0,78,0.9843656043295249
1014,LSTM_7,Avg,0.3,2129.7143924236298,65.90083289146423,1052,0,0,3933,0.21103309929789368
1014,LSTM_2,FDI30,0.3,1021.1579234600067,57.53656196594238,4119,0,0,871,0.8254509018036073
1014,LSTM_3,FDI30,0.3,1358.609699010849,50.22636413574219,4110,0,0,879,0.8238123872519543
1014,LSTM_5,FDI10,0.3,1762.4827592372894,53.86905384063721,4911,0,0,76,0.9847603769801484
1014,LSTM_2,RSA_0.25_1.1,0.3,1126.179095506668,53.96154522895813,2215,0,0,2775,0.4438877755511022
1014,LSTM_10,Avg,0.3,2801.8483867645264,58.432796001434326,818,0,0,4164,0.1641910879164994
1014,LSTM_7,FDI10,0.3,2256.314430952072,57.26638078689575,4911,0,0,74,0.9851554663991976
1014,LSTM_3,RSA_0.25_1.1,0.3,1323.4976394176483,52.32948923110962,2510,0,0,2479,0.5031068350370815
1014,LSTM_2,RSA_0.5_3,0.3,1137.595867395401,41.86055850982666,826,0,0,4164,0.1655310621242485
1014,LSTM_5,FDI30,0.3,1675.2096750736237,56.82070517539978,4091,0,0,896,0.8203328654501705
1014,LSTM_30,False,0.3,7023.723004102707,107.09933733940125,0,2136,2826,0,0.43047158403869407
1014,LSTM_14,Avg,0.3,3620.1565980911255,83.19948840141296,1459,0,0,3519,0.293089594214544
1014,LSTM_2,Swap,0.3,1049.1442849636078,51.98136830329895,881,0,0,4109,0.17655310621242484
1014,LSTM_3,RSA_0.5_3,0.3,1235.3822584152222,53.008238554000854,1257,0,0,3732,0.25195429945880937
1014,LSTM_10,FDI10,0.3,2849.83731508255,74.821053981781,4904,0,0,78,0.9843436370935368
1014,LSTM_7,FDI30,0.3,2092.972794532776,56.828442096710205,4120,0,0,865,0.8264794383149449
1014,LSTM_5,RSA_0.25_1.1,0.3,1746.5236310958862,55.1205620765686,2283,0,0,2704,0.45779025466212153
1019,LSTM_2,False,0.3,1066.7026326656342,46.05589318275452,0,3342,1648,0,0.6697394789579159
1014,LSTM_3,Swap,0.3,1278.4463176727295,54.92719268798828,496,0,0,4493,0.09941872118661055
1019,LSTM_2,Avg,0.3,1153.4218032360077,58.130863428115845,3336,0,0,1654,0.6685370741482966
1014,LSTM_5,RSA_0.5_3,0.3,1810.928436756134,62.56068968772888,735,0,0,4252,0.14738319631040706
1019,LSTM_3,False,0.3,1398.2886111736298,60.415969371795654,0,3320,1669,0,0.6654640208458609
1014,LSTM_7,RSA_0.25_1.1,0.3,2219.2567644119263,59.03282046318054,2338,0,0,2647,0.4690070210631896
1014,LSTM_14,FDI10,0.3,3708.508442878723,66.31807112693787,4902,0,0,76,0.9847328244274809
1019,LSTM_2,FDI10,0.3,1030.9381737709045,90.97776317596436,4830,0,0,160,0.9679358717434869
1014,LSTM_10,FDI30,0.3,2800.577319383621,71.53413844108582,4115,0,0,867,0.8259735046166198
1019,LSTM_3,Avg,0.3,1257.656447172165,58.002997636795044,3313,0,0,1676,0.6640609340549208
1014,LSTM_5,Swap,0.3,1737.2253959178925,58.59738254547119,807,0,0,4180,0.1618207339081612
1019,LSTM_2,FDI30,0.3,1087.2237782478333,55.96477770805359,4039,0,0,951,0.8094188376753507
1014,LSTM_7,RSA_0.5_3,0.3,2264.2991383075714,67.21522259712219,1129,0,0,3856,0.22647943831494483
1019,LSTM_3,FDI10,0.3,1337.895432472229,79.28616333007812,4841,0,0,148,0.9703347364201242
1019,LSTM_2,RSA_0.25_1.1,0.3,1082.26730966568,44.131338596343994,3268,0,0,1722,0.6549098196392785
1019,LSTM_5,False,0.3,1758.1316442489624,61.10193228721619,0,3296,1691,0,0.6609183878083016
1014,LSTM_30,Avg,0.3,7219.352133512497,102.9816906452179,1410,0,0,3552,0.2841596130592503
1014,LSTM_10,RSA_0.25_1.1,0.3,2933.527845144272,74.43382096290588,2308,0,0,2674,0.4632677639502208
1019,LSTM_2,RSA_0.5_3,0.3,1070.6405346393585,51.51205539703369,1550,0,0,3440,0.3106212424849699
1019,LSTM_3,FDI30,0.3,1231.8015537261963,44.714662075042725,4095,0,0,894,0.8208057726999398
1014,LSTM_14,FDI30,0.3,3635.7111983299255,66.93861055374146,4122,0,0,856,0.8280433909200482
1014,LSTM_7,Swap,0.3,2133.9525451660156,67.90444588661194,560,0,0,4425,0.1123370110330993
1019,LSTM_2,Swap,0.3,1098.796877861023,57.19995927810669,3065,0,0,1925,0.6142284569138277
1019,LSTM_5,Avg,0.3,1728.1325602531433,55.57590627670288,3184,0,0,1803,0.6384599959895729
1019,LSTM_3,RSA_0.25_1.1,0.3,1319.4807929992676,50.63572931289673,3323,0,0,1666,0.6660653437562638
1163,LSTM_2,False,0.3,1077.1753752231598,95.78890538215637,0,1371,3379,0,0.2886315789473684
1014,LSTM_10,RSA_0.5_3,0.3,2874.034956932068,70.78323698043823,1355,0,0,3627,0.2719791248494581
1019,LSTM_3,RSA_0.5_3,0.3,1343.8059327602386,50.81060862541199,1881,0,0,3108,0.37702946482260974
1019,LSTM_7,False,0.3,2215.8061254024506,63.672810554504395,0,3106,1879,0,0.6230692076228687
1019,LSTM_5,FDI10,0.3,1748.8486070632935,86.21762013435364,4791,0,0,196,0.9606978143172248
1163,LSTM_2,Avg,0.3,1041.29159116745,55.44654870033264,2753,0,0,2237,0.5517034068136273
1014,LSTM_14,RSA_0.25_1.1,0.3,3725.7708003520966,78.00552129745483,2486,0,0,2492,0.4993973483326637
1019,LSTM_3,Swap,0.3,1268.8301475048065,62.38271880149841,2694,0,0,2295,0.539987973541792
1163,LSTM_2,FDI10,0.3,1107.4540288448334,59.73749756813049,4437,0,0,313,0.9341052631578948
1019,LSTM_5,FDI30,0.3,1740.7588784694672,61.32871437072754,4032,0,0,955,0.808502105474233
1019,LSTM_7,Avg,0.3,2216.780162334442,65.80207562446594,3058,0,0,1927,0.6134403209628887
1014,LSTM_10,Swap,0.3,2883.2894752025604,63.265312910079956,422,0,0,4560,0.08470493777599358
1163,LSTM_3,False,0.3,1341.7962424755096,80.2101366519928,0,2183,2566,0,0.4596757212044641
1163,LSTM_2,FDI30,0.3,1058.8178253173828,46.77092742919922,3621,0,0,1129,0.7623157894736842
1019,LSTM_5,RSA_0.25_1.1,0.3,1799.0606436729431,62.71142649650574,3346,0,0,1641,0.6709444555845198
1163,LSTM_3,Avg,0.3,1353.4978938102722,43.0310320854187,2808,0,0,2181,0.5628382441371016
1014,LSTM_30,FDI10,0.3,7281.685676336288,96.97270250320435,4888,0,0,74,0.985086658605401
1163,LSTM_2,RSA_0.25_1.1,0.3,1183.3776984214783,46.028921604156494,2298,0,0,2452,0.48378947368421055
1014,LSTM_14,RSA_0.5_3,0.3,3712.1358845233917,78.59874320030212,1413,0,0,3565,0.2838489353153877
1019,LSTM_7,FDI10,0.3,2149.8446927070618,98.01404857635498,4848,0,0,137,0.9725175526579739
1163,LSTM_2,RSA_0.5_3,0.3,1052.6995015144348,53.01138687133789,888,0,0,3862,0.18694736842105264
1163,LSTM_3,FDI10,0.3,1258.2933959960938,58.39398670196533,4379,0,0,370,0.9220888608128027
1019,LSTM_10,False,0.3,2825.1571612358093,68.45051598548889,0,3095,1887,0,0.6212364512244078
1019,LSTM_5,RSA_0.5_3,0.3,1677.048638343811,59.28229117393494,2108,0,0,2879,0.4226990174453579
1163,LSTM_2,Swap,0.3,1066.3401579856873,89.32224774360657,3058,0,0,1692,0.6437894736842106
1163,LSTM_3,FDI30,0.3,1300.4173729419708,57.13307070732117,3606,0,0,1143,0.7593177511054959
1019,LSTM_7,FDI30,0.3,2170.194598674774,63.604557037353516,4072,0,0,913,0.8168505516549649
1282,LSTM_2,False,0.3,1086.1602783203125,52.45199155807495,0,2786,2156,0,0.5637393767705382
1019,LSTM_5,Swap,0.3,1777.936722278595,61.23498201370239,2001,0,0,2986,0.401243232404251
1163,LSTM_3,RSA_0.25_1.1,0.3,1336.6853103637695,62.92806434631348,1920,0,0,2829,0.40429564118761846
1014,LSTM_14,Swap,0.3,3727.6602432727814,78.17488288879395,451,0,0,4527,0.09059863398955403
1019,LSTM_10,Avg,0.3,2927.9134483337402,71.09686660766602,3142,0,0,1840,0.6306704134885588
1282,LSTM_2,Avg,0.3,1091.4552402496338,57.663658142089844,2719,0,0,2271,0.5448897795591182
1019,LSTM_7,RSA_0.25_1.1,0.3,2211.9270737171173,59.30561375617981,3234,0,0,1751,0.6487462387161484
1163,LSTM_5,False,0.3,1745.7572736740112,76.98831343650818,0,1301,3446,0,0.2740678323151464
1163,LSTM_3,RSA_0.5_3,0.3,1251.7609732151031,44.231632709503174,727,0,0,4022,0.1530848599705201
1282,LSTM_2,FDI10,0.3,991.9313542842865,50.556124448776245,4710,0,0,232,0.953055443140429
1163,LSTM_3,Swap,0.3,1363.4132976531982,89.05046439170837,2801,0,0,1948,0.5898083807117288
1282,LSTM_2,FDI30,0.3,1172.2755777835846,87.97384834289551,4108,0,0,834,0.8312424119789559
1163,LSTM_5,Avg,0.3,1784.0428450107574,55.82781004905701,2907,0,0,2080,0.5829155805093242
1014,LSTM_30,FDI30,0.3,7225.816050767899,103.3746485710144,4112,0,0,850,0.8286981056025796
1019,LSTM_10,FDI10,0.3,2837.15159535408,106.0818293094635,4817,0,0,165,0.9668807707747893
1019,LSTM_7,RSA_0.5_3,0.3,2196.4776825904846,60.75750803947449,1865,0,0,3120,0.3741223671013039
1282,LSTM_2,RSA_0.25_1.1,0.3,967.238781452179,59.41131854057312,3203,0,0,1739,0.6481181707810603
1282,LSTM_3,False,0.3,1190.942973613739,49.203301191329956,0,3145,1796,0,0.6365108277676583
1019,LSTM_14,False,0.3,3621.3420894145966,80.62226438522339,0,2825,2153,0,0.5674969867416633
1163,LSTM_5,FDI10,0.3,1692.78218126297,65.0906310081482,4381,0,0,366,0.922898672846008
1282,LSTM_2,RSA_0.5_3,0.3,1099.6375634670258,55.63170504570007,851,0,0,4091,0.17219749089437475
1282,LSTM_3,Avg,0.3,1303.5813825130463,53.930715560913086,2973,0,0,2016,0.5959110042092604
1019,LSTM_7,Swap,0.3,2139.939571619034,56.66866993904114,1397,0,0,3588,0.2802407221664995
1019,LSTM_10,FDI30,0.3,2799.4333941936493,75.09573864936829,4023,0,0,959,0.8075070252910478
1282,LSTM_2,Swap,0.3,1085.4007620811462,59.3685040473938,1071,0,0,3871,0.21671388101983002
1163,LSTM_5,FDI30,0.3,1748.8081963062286,54.37362289428711,3552,0,0,1195,0.748262060248578
1282,LSTM_3,FDI10,0.3,1300.4354887008667,53.1200852394104,4720,0,0,221,0.9552722121028132
1505,LSTM_2,False,0.3,844.1367635726929,48.209288120269775,0,3031,951,0,0.7611752887995982
1019,LSTM_14,Avg,0.3,3695.4873077869415,75.71198558807373,3158,0,0,1820,0.6343913218159903
1163,LSTM_7,False,0.3,2210.248062610626,98.53763341903687,0,1361,3384,0,0.28682824025289777
1282,LSTM_3,FDI30,0.3,1297.391661643982,86.38772439956665,4154,0,0,787,0.8407205019226878
1505,LSTM_2,Avg,0.3,951.9165709018707,60.10437607765198,4741,0,0,249,0.9501002004008016
1163,LSTM_5,RSA_0.25_1.1,0.3,1747.534316778183,53.899911642074585,1682,0,0,3065,0.35432904992626924
1019,LSTM_10,RSA_0.25_1.1,0.3,2794.0053944587708,69.77506041526794,3497,0,0,1485,0.7019269369731032
1505,LSTM_2,FDI10,0.3,821.5741746425629,57.316378116607666,3869,0,0,113,0.9716223003515821
1282,LSTM_3,RSA_0.25_1.1,0.3,1247.289001941681,52.30849528312683,3030,0,0,1911,0.6132361870066788
1505,LSTM_2,FDI30,0.3,899.2546331882477,56.16297149658203,3522,0,0,460,0.8844801607232546
1163,LSTM_7,Avg,0.3,2136.9047021865845,58.357725858688354,2951,0,0,2034,0.5919759277833501
1163,LSTM_5,RSA_0.5_3,0.3,1722.257577419281,60.91252589225769,647,0,0,4100,0.13629660838424268
1014,LSTM_30,RSA_0.25_1.1,0.3,7157.097744464874,112.3083143234253,2581,0,0,2381,0.5201531640467554
1282,LSTM_3,RSA_0.5_3,0.3,1302.814531326294,63.24512076377869,1614,0,0,3327,0.32665452337583484
1505,LSTM_2,RSA_0.25_1.1,0.3,879.6658518314362,51.52840709686279,3123,0,0,859,0.7842792566549472
1019,LSTM_14,FDI10,0.3,3658.6294782161713,116.39469242095947,4796,0,0,182,0.963439132181599
1505,LSTM_2,RSA_0.5_3,0.3,897.5010397434235,60.35134768486023,1316,0,0,2666,0.3304871923656454
1019,LSTM_10,RSA_0.5_3,0.3,2875.880166530609,68.30401563644409,2367,0,0,2615,0.4751103974307507
1163,LSTM_5,Swap,0.3,1769.9992871284485,80.48416757583618,1898,0,0,2849,0.399831472508953
1282,LSTM_3,Swap,0.3,1297.6668763160706,51.0770468711853,1913,0,0,3028,0.3871685893543817
1163,LSTM_7,FDI10,0.3,2178.1534893512726,56.35209918022156,4379,0,0,366,0.9228661749209695
1505,LSTM_2,Swap,0.3,721.5881600379944,53.18392491340637,3294,0,0,688,0.8272225012556504
1505,LSTM_3,False,0.3,978.0174605846405,59.14410185813904,0,2901,1080,0,0.7287113790504898
1282,LSTM_5,False,0.3,1696.7042055130005,57.48984980583191,0,2740,2199,0,0.5547681716946751
2133,LSTM_2,False,0.3,1125.9012997150421,92.95260620117188,0,2538,1780,0,0.5877721167207041
1505,LSTM_3,Avg,0.3,1103.2243020534515,51.61953854560852,4749,0,0,240,0.9518941671677691
1163,LSTM_7,FDI30,0.3,2178.6724047660828,62.85326099395752,3524,0,0,1221,0.7426765015806112
1019,LSTM_10,Swap,0.3,2777.3055634498596,64.6943793296814,1531,0,0,3451,0.30730630268968284
2133,LSTM_2,Avg,0.3,1034.0423748493195,54.40725898742676,3755,0,0,899,0.8068328319724968
1019,LSTM_14,FDI30,0.3,3646.952577829361,76.70430278778076,4091,0,0,887,0.8218159903575734
1505,LSTM_3,FDI10,0.3,1021.9714207649231,56.6484112739563,3882,0,0,99,0.9751318764129616
1282,LSTM_5,Avg,0.3,1702.708310842514,61.34784197807312,3232,0,0,1755,0.6480850210547423
2133,LSTM_2,FDI10,0.3,1025.801186800003,51.51056909561157,4186,0,0,132,0.9694302918017601
1505,LSTM_3,FDI30,0.3,1041.516948223114,57.792811155319214,3508,0,0,473,0.8811856317508163
1163,LSTM_7,RSA_0.25_1.1,0.3,2203.9767594337463,61.22704076766968,1812,0,0,2933,0.38187565858798733
2133,LSTM_2,FDI30,0.3,1105.5242698192596,59.09003758430481,3649,0,0,669,0.8450671607225567
1282,LSTM_5,FDI10,0.3,1781.3330950737,57.12275266647339,4722,0,0,217,0.956063980562867
1505,LSTM_3,RSA_0.25_1.1,0.3,1047.6412541866302,46.75101900100708,3080,0,0,901,0.7736749560411956
1014,LSTM_30,RSA_0.5_3,0.3,7248.157884597778,104.89338660240173,675,0,0,4287,0.13603385731559856
1163,LSTM_10,False,0.3,2903.70739197731,96.70496273040771,0,1691,3051,0,0.3566005904681569
2133,LSTM_2,RSA_0.25_1.1,0.3,1024.4743509292603,53.31541681289673,2941,0,0,1377,0.6811023622047244
1505,LSTM_3,RSA_0.5_3,0.3,1024.8314538002014,48.24138331413269,1206,0,0,2775,0.30293896006028637
1163,LSTM_7,RSA_0.5_3,0.3,2198.9516484737396,66.00806164741516,764,0,0,3981,0.16101159114857744
1019,LSTM_14,RSA_0.25_1.1,0.3,3744.9183869361877,80.95183396339417,3515,0,0,1463,0.7061068702290076
1282,LSTM_5,FDI30,0.3,1746.7782309055328,79.62382006645203,4106,0,0,833,0.8313423769993926
2133,LSTM_2,RSA_0.5_3,0.3,992.8039033412933,66.07269430160522,1885,0,0,2433,0.436544696618805
1505,LSTM_3,Swap,0.3,938.3641810417175,52.06816625595093,2837,0,0,1144,0.7126350163275559
2133,LSTM_2,Swap,0.3,1002.8406453132629,57.8629355430603,2379,0,0,1939,0.5509495136637332
1163,LSTM_10,Avg,0.3,2817.367802143097,64.68565726280212,2516,0,0,2466,0.5050180650341228
1282,LSTM_5,RSA_0.25_1.1,0.3,1710.184005498886,56.0582013130188,3008,0,0,1931,0.6090301680502126
2133,LSTM_3,False,0.3,1295.7881932258606,90.02364587783813,0,2276,2041,0,0.5272179754459115
1163,LSTM_7,Swap,0.3,2163.9526574611664,80.22460532188416,2160,0,0,2585,0.45521601685985247
2339,LSTM_2,False,0.3,1020.1485476493835,52.011847257614136,0,3384,1558,0,0.6847430190206394
2133,LSTM_3,Avg,0.3,1263.1189386844635,42.744255781173706,3778,0,0,875,0.8119492800343864
2339,LSTM_2,Avg,0.3,1100.861300945282,50.23631024360657,4085,0,0,905,0.8186372745490982
1019,LSTM_14,RSA_0.5_3,0.3,3666.7898123264313,66.3201653957367,2155,0,0,2823,0.4329047810365609
1282,LSTM_5,RSA_0.5_3,0.3,1724.6874949932098,61.28238534927368,1822,0,0,3117,0.3689005871633934
1282,LSTM_7,False,0.3,2220.892247438431,56.60907173156738,0,3194,1743,0,0.6469515900344339
1163,LSTM_10,FDI10,0.3,2889.5062987804413,62.39898705482483,4365,0,0,377,0.9204976803036693
2133,LSTM_3,FDI10,0.3,1249.507021188736,47.325724840164185,4199,0,0,118,0.9726662033819782
2339,LSTM_2,FDI10,0.3,1046.0210871696472,49.986642837524414,4795,0,0,147,0.9702549575070821
1282,LSTM_5,Swap,0.3,1752.4283390045166,63.73229479789734,2123,0,0,2816,0.4298440979955457
2339,LSTM_2,FDI30,0.3,1072.1793167591095,77.1949372291565,4475,0,0,467,0.905503844597329
1014,LSTM_30,Swap,0.3,7234.037208557129,102.81557011604309,1114,0,0,3848,0.2245062474808545
2133,LSTM_3,FDI30,0.3,1249.0053532123566,49.92629623413086,3610,0,0,707,0.8362288626360899
1282,LSTM_7,Avg,0.3,2181.8153562545776,63.0993447303772,1617,0,0,3368,0.3243731193580742
1505,LSTM_5,False,0.3,1326.1252756118774,55.24887490272522,0,2713,1266,0,0.6818296054284996
2339,LSTM_2,RSA_0.25_1.1,0.3,1061.4886548519135,46.72833871841431,3518,0,0,1424,0.7118575475515986
2133,LSTM_3,RSA_0.25_1.1,0.3,1250.3345019817352,52.97568345069885,2930,0,0,1387,0.6787120685661339
1163,LSTM_10,FDI30,0.3,2836.0209670066833,71.6680634021759,3423,0,0,1319,0.7218473218051455
1019,LSTM_14,Swap,0.3,3686.74737906456,84.7909996509552,1091,0,0,3887,0.21916432302129368
2339,LSTM_2,RSA_0.5_3,0.3,1051.9052557945251,55.52858114242554,1818,0,0,3124,0.367867260218535
1505,LSTM_5,Avg,0.3,1413.983603477478,45.94891285896301,4819,0,0,168,0.966312412271907
2133,LSTM_3,RSA_0.5_3,0.3,1202.759973526001,77.86910200119019,2181,0,0,2136,0.5052119527449618
1282,LSTM_7,FDI10,0.3,2102.6706154346466,69.50380778312683,4718,0,0,219,0.9556410775774762
2339,LSTM_2,Swap,0.3,1065.874061346054,54.93035554885864,3829,0,0,1113,0.7747875354107648
1505,LSTM_5,FDI10,0.3,1363.9532458782196,53.12924647331238,3884,0,0,95,0.9761246544357879
2133,LSTM_3,Swap,0.3,1280.8982412815094,47.83946919441223,2663,0,0,1654,0.6168635626592541
1163,LSTM_10,RSA_0.25_1.1,0.3,2794.4224622249603,70.94339275360107,1805,0,0,2937,0.38064107971320116
2488,LSTM_2,False,0.3,1047.595444202423,62.222875356674194,0,3450,1540,0,0.6913827655310621
1282,LSTM_7,FDI30,0.3,2244.0129284858704,84.39291095733643,4107,0,0,830,0.8318817095402066
1163,LSTM_14,False,0.3,3690.236377477646,99.71489572525024,0,2334,2404,0,0.4926129168425496
1505,LSTM_5,FDI30,0.3,1398.4730622768402,46.716140270233154,3473,0,0,506,0.8728323699421965
2339,LSTM_3,False,0.3,1326.8986239433289,41.85584783554077,0,3640,1301,0,0.7366929771301356
2488,LSTM_2,Avg,0.3,1055.6743042469025,42.2432119846344,2873,0,0,2117,0.5757515030060121
2339,LSTM_3,Avg,0.3,1311.006555557251,49.71192145347595,4121,0,0,868,0.8260172379234315
1505,LSTM_5,RSA_0.25_1.1,0.3,1380.540323972702,56.435983657836914,3154,0,0,825,0.7926614727318422
2488,LSTM_2,FDI10,0.3,1131.9424970149994,87.03021883964539,4844,0,0,146,0.9707414829659319
1163,LSTM_10,RSA_0.5_3,0.3,2871.277581214905,67.55024194717407,916,0,0,3826,0.19316743989877688
1019,LSTM_30,False,0.3,7210.668181419373,106.24572896957397,0,2649,2313,0,0.533857315598549
1282,LSTM_7,RSA_0.25_1.1,0.3,2146.9839346408844,45.231170654296875,3063,0,0,1874,0.6204172574437917
2488,LSTM_2,FDI30,0.3,1005.350252866745,52.21282505989075,4361,0,0,629,0.8739478957915832
2339,LSTM_3,FDI10,0.3,1231.6663658618927,50.94687747955322,4796,0,0,145,0.9706537138231127
1505,LSTM_5,RSA_0.5_3,0.3,1274.3886823654175,55.824979305267334,1751,0,0,2228,0.440060316662478
1163,LSTM_14,Avg,0.3,3637.1200387477875,69.2914924621582,2573,0,0,2405,0.5168742466854158
2488,LSTM_2,RSA_0.25_1.1,0.3,1089.8031458854675,53.54126310348511,3402,0,0,1588,0.6817635270541083
2339,LSTM_3,FDI30,0.3,1248.3345782756805,90.94662594795227,4465,0,0,476,0.9036632260675976
1505,LSTM_5,Swap,0.3,1346.941176891327,60.545055866241455,3255,0,0,724,0.8180447348580046
1282,LSTM_7,RSA_0.5_3,0.3,2164.1756784915924,60.77031421661377,1491,0,0,3446,0.3020052663560867
2488,LSTM_2,RSA_0.5_3,0.3,1061.7997994422913,53.7799608707428,1242,0,0,3748,0.24889779559118236
1163,LSTM_10,Swap,0.3,2832.2844014167786,90.57593154907227,2164,0,0,2578,0.4563475326866301
2339,LSTM_3,RSA_0.25_1.1,0.3,1257.1835625171661,51.82692098617554,3650,0,0,1291,0.7387168589354381
2133,LSTM_5,False,0.3,1634.679850101471,75.12181377410889,0,2731,1584,0,0.6329084588644264
2488,LSTM_2,Swap,0.3,1015.6947939395905,72.1726975440979,1314,0,0,3676,0.2633266533066132
1282,LSTM_7,Swap,0.3,2224.60710978508,74.36500525474548,2090,0,0,2847,0.4233340085071906
2339,LSTM_3,RSA_0.5_3,0.3,1344.3789367675781,54.304117918014526,2036,0,0,2905,0.4120623355596033
2555,LSTM_2,False,0.3,1008.7990348339081,46.85962915420532,0,1086,3232,0,0.25150532654006486
1163,LSTM_14,FDI10,0.3,3701.383960008621,81.9597339630127,4202,0,0,536,0.8868720979316167
2133,LSTM_5,Avg,0.3,1736.4067640304565,58.58533430099487,3750,0,0,901,0.8062782197376909
1282,LSTM_10,False,0.3,2850.42023730278,65.16582131385803,0,3109,1825,0,0.6301175516822051
2339,LSTM_3,Swap,0.3,1261.6977198123932,53.85108423233032,3992,0,0,949,0.8079336166767861
2555,LSTM_2,Avg,0.3,1073.4703829288483,47.36019015312195,2185,0,0,2469,0.4694886119467125
1505,LSTM_7,False,0.3,1437.1277170181274,50.939284563064575,0,2802,1175,0,0.7045511692230324
2555,LSTM_2,FDI10,0.3,964.7639992237091,54.965688943862915,3778,0,0,540,0.8749421028253821
1019,LSTM_30,Avg,0.3,7256.663189649582,106.21511173248291,3253,0,0,1709,0.6555824264409512
2488,LSTM_3,False,0.3,1284.8060412406921,43.70554542541504,0,2984,2005,0,0.5981158548807376
2133,LSTM_5,FDI10,0.3,1660.4249951839447,51.006407260894775,4196,0,0,119,0.9724217844727694
1505,LSTM_7,Avg,0.3,1807.8339567184448,65.37112402915955,4817,0,0,168,0.9662988966900702
2555,LSTM_2,FDI30,0.3,936.3257975578308,51.207762718200684,3060,0,0,1258,0.7086614173228346
1282,LSTM_10,Avg,0.3,2838.9817583560944,74.14017176628113,1207,0,0,3775,0.24227217984745084
2488,LSTM_3,Avg,0.3,1287.7984244823456,53.824888467788696,2646,0,0,2343,0.5303668069753458
2555,LSTM_2,RSA_0.25_1.1,0.3,947.4099252223969,48.89817929267883,1963,0,0,2355,0.4546086150995831
2133,LSTM_5,FDI30,0.3,1685.1831393241882,50.02007460594177,3652,0,0,663,0.8463499420625724
1163,LSTM_14,FDI30,0.3,3718.5292105674744,66.54175400733948,3376,0,0,1362,0.7125369354157872
1505,LSTM_7,FDI10,0.3,1424.02548289299,61.651687145233154,3883,0,0,94,0.9763640935378426
2488,LSTM_3,FDI10,0.3,1251.0845034122467,77.00459146499634,4853,0,0,136,0.9727400280617359
2555,LSTM_2,RSA_0.5_3,0.3,948.0946912765503,54.50052189826965,988,0,0,3330,0.2288096340898564
2133,LSTM_5,RSA_0.25_1.1,0.3,1653.3652203083038,58.36069893836975,2982,0,0,1333,0.6910776361529548
1505,LSTM_7,FDI30,0.3,1461.5101110935211,64.48342895507812,3443,0,0,534,0.8657279356298717
2555,LSTM_2,Swap,0.3,1000.5149834156036,49.957948446273804,1404,0,0,2914,0.3251505326540065
2488,LSTM_3,FDI30,0.3,1256.0421395301819,41.162564277648926,4391,0,0,598,0.8801362998596913
1282,LSTM_10,FDI10,0.3,2830.7432582378387,62.74915361404419,4700,0,0,234,0.9525739764896636
2572,LSTM_2,False,0.3,1058.3520197868347,52.809855699539185,0,1182,3808,0,0.23687374749499
1505,LSTM_7,RSA_0.25_1.1,0.3,1484.4211444854736,57.065003395080566,3131,0,0,846,0.7872768418405833
2133,LSTM_5,RSA_0.5_3,0.3,1698.9818127155304,78.17642879486084,2391,0,0,1924,0.5541135573580533
2488,LSTM_3,RSA_0.25_1.1,0.3,1317.1876771450043,46.93467855453491,3634,0,0,1355,0.7284024854680297
1163,LSTM_14,RSA_0.25_1.1,0.3,3711.7497375011444,66.13555955886841,1534,0,0,3204,0.32376530181511187
2572,LSTM_2,Avg,0.3,1028.0643963813782,56.928704261779785,2735,0,0,2255,0.5480961923847696
1505,LSTM_7,RSA_0.5_3,0.3,1463.3820359706879,61.60107111930847,1368,0,0,2609,0.3439778727684184
2488,LSTM_3,RSA_0.5_3,0.3,1303.4718403816223,54.00161051750183,1406,0,0,3583,0.2818200040088194
2133,LSTM_5,Swap,0.3,1653.1182091236115,49.643829584121704,2584,0,0,1731,0.5988412514484357
1282,LSTM_10,FDI30,0.3,2851.28990149498,69.85212922096252,4166,0,0,768,0.844345358735306
1019,LSTM_30,FDI10,0.3,7173.342623233795,108.06635904312134,4808,0,0,154,0.9689641273679968
2572,LSTM_2,FDI10,0.3,1004.686925649643,46.47811317443848,4763,0,0,227,0.9545090180360721
2488,LSTM_3,Swap,0.3,1234.2659096717834,87.65313935279846,2022,0,0,2967,0.4052916416115454
1505,LSTM_7,Swap,0.3,1434.7777893543243,60.38317918777466,3246,0,0,731,0.8161931103847121
2572,LSTM_2,FDI30,0.3,1053.544899225235,73.18276071548462,4393,0,0,597,0.8803607214428858
2339,LSTM_5,False,0.3,1708.1958951950073,53.47762131690979,0,3606,1333,0,0.7301073091718971
2555,LSTM_3,False,0.3,1109.537751197815,48.483811378479004,0,2134,2183,0,0.4943247625665972
2572,LSTM_2,RSA_0.25_1.1,0.3,959.0185902118683,47.28898644447327,2204,0,0,2786,0.4416833667334669
1163,LSTM_14,RSA_0.5_3,0.3,3691.3187794685364,68.14257526397705,723,0,0,4015,0.15259603208104686
1282,LSTM_10,RSA_0.25_1.1,0.3,2797.5599422454834,69.95047664642334,3498,0,0,1436,0.7089582488852858
2572,LSTM_2,RSA_0.5_3,0.3,992.4939532279968,50.23179864883423,890,0,0,4100,0.17835671342685372
2133,LSTM_7,False,0.3,2061.871738910675,57.77031946182251,0,2826,1487,0,0.6552283793183399
2339,LSTM_5,Avg,0.3,1676.5179708003998,56.33180212974548,4104,0,0,883,0.8229396430719872
2555,LSTM_3,Avg,0.3,1238.3767473697662,50.04279589653015,2329,0,0,2324,0.5005372877713303
2572,LSTM_2,Swap,0.3,952.2895841598511,44.518288135528564,979,0,0,4011,0.19619238476953907
2555,LSTM_3,FDI10,0.3,1094.3546314239502,48.89869046211243,3770,0,0,547,0.8732916377113736
2339,LSTM_5,FDI10,0.3,1671.4904246330261,47.097498416900635,4801,0,0,138,0.9720591212796112
2133,LSTM_7,Avg,0.3,2055.8724961280823,57.73260474205017,3706,0,0,943,0.797160679716068
1282,LSTM_10,RSA_0.5_3,0.3,2731.95458650589,62.061195850372314,1114,0,0,3820,0.22578029995946494
2555,LSTM_3,FDI30,0.3,1066.855696439743,43.29107117652893,3057,0,0,1260,0.7081306462821404
1163,LSTM_14,Swap,0.3,3556.195474624634,90.1291856765747,2182,0,0,2556,0.4605318699873364
2339,LSTM_5,FDI30,0.3,1576.624354839325,82.51638174057007,4430,0,0,509,0.8969427009516097
2555,LSTM_3,RSA_0.25_1.1,0.3,1029.1910207271576,38.20060658454895,1809,0,0,2508,0.41904100069492706
1019,LSTM_30,FDI30,0.3,6930.479212999344,94.19888091087341,4190,0,0,772,0.8444175735590488
2133,LSTM_7,FDI10,0.3,1915.513341665268,53.09078311920166,4193,0,0,120,0.9721771388824484
2555,LSTM_3,RSA_0.5_3,0.3,1036.495483636856,50.54276490211487,223,0,0,4094,0.051656242761176745
1282,LSTM_10,Swap,0.3,2590.25572681427,60.33816981315613,1952,0,0,2982,0.3956222132144305
2339,LSTM_5,RSA_0.25_1.1,0.3,1557.0159032344818,49.34060978889465,3754,0,0,1185,0.7600728892488358
2555,LSTM_3,Swap,0.3,1040.2850234508514,40.295674562454224,1438,0,0,2879,0.3331016909891128
1282,LSTM_14,False,0.3,3344.1718225479126,67.05439639091492,0,3461,1469,0,0.702028397565923
2133,LSTM_7,FDI30,0.3,1853.098183631897,56.99895668029785,3672,0,0,641,0.8513795501970786
2339,LSTM_5,RSA_0.5_3,0.3,1523.5244665145874,55.988086223602295,2932,0,0,2007,0.5936424377404332
2572,LSTM_3,False,0.3,1092.7641868591309,42.80699419975281,0,1330,3659,0,0.266586490278613
1505,LSTM_10,False,0.3,1898.4965798854828,46.679810762405396,0,2890,1084,0,0.7272269753397081
2133,LSTM_7,RSA_0.25_1.1,0.3,1913.5011701583862,48.82359838485718,2555,0,0,1758,0.5923950846278693
2572,LSTM_3,Avg,0.3,1161.1094489097595,43.09157967567444,2725,0,0,2264,0.5462016436159551
2339,LSTM_5,Swap,0.3,1560.2047755718231,44.63437485694885,4094,0,0,845,0.8289127353715326
1505,LSTM_10,Avg,0.3,2150.4724192619324,53.87118864059448,4812,0,0,170,0.9658771577679647
2572,LSTM_3,FDI10,0.3,1089.1192648410797,38.43669056892395,4758,0,0,231,0.9536981358989778
1282,LSTM_14,Avg,0.3,3362.2506279945374,51.955060720443726,1184,0,0,3794,0.23784652470871837
2488,LSTM_5,False,0.3,1527.6258294582367,45.254109144210815,0,2721,2266,0,0.5456186083817927
2133,LSTM_7,RSA_0.5_3,0.3,1870.632610797882,46.47895550727844,2169,0,0,2144,0.5028982146997449
1019,LSTM_30,RSA_0.25_1.1,0.3,6552.675447940826,103.04133605957031,3467,0,0,1495,0.6987101975010077
2572,LSTM_3,FDI30,0.3,1099.1988232135773,75.95032048225403,4406,0,0,583,0.8831429144117058
1505,LSTM_10,FDI10,0.3,2108.495842695236,77.94112420082092,3879,0,0,95,0.9760946149974836
2488,LSTM_5,Avg,0.3,1831.1660161018372,68.45622706413269,2480,0,0,2507,0.4972929617004211
2572,LSTM_3,RSA_0.25_1.1,0.3,1412.8571400642395,62.68033194541931,1361,0,0,3628,0.2728001603527761
2133,LSTM_7,Swap,0.3,2246.792443752289,78.81269836425781,2669,0,0,1644,0.6188268026895433
2572,LSTM_3,RSA_0.5_3,0.3,1554.9000134468079,73.98361730575562,677,0,0,4312,0.13569853678091803
1282,LSTM_14,FDI10,0.3,4118.043976306915,92.26524829864502,4690,0,0,240,0.9513184584178499
2488,LSTM_5,FDI10,0.3,2121.942991256714,103.43269395828247,4846,0,0,141,0.9717264888710647
1505,LSTM_10,FDI30,0.3,2618.995317220688,73.04032802581787,3470,0,0,504,0.8731756416708606
2339,LSTM_7,False,0.3,2637.5278854370117,82.75714087486267,0,3795,1142,0,0.7686854364998987
2572,LSTM_3,Swap,0.3,1475.6398658752441,70.02325248718262,3502,0,0,1487,0.7019442774103026
2488,LSTM_5,FDI30,0.3,2097.1332890987396,68.62445020675659,4349,0,0,638,0.8720673751754562
1505,LSTM_10,RSA_0.25_1.1,0.3,2581.7657992839813,67.56582880020142,3145,0,0,829,0.7913940613990941
2339,LSTM_7,Avg,0.3,2587.1310963630676,79.80237746238708,4099,0,0,886,0.8222668004012036
1282,LSTM_14,FDI30,0.3,4404.038027524948,115.79817533493042,4112,0,0,818,0.8340770791075051
2488,LSTM_5,RSA_0.25_1.1,0.3,2024.9321463108063,72.51992630958557,3528,0,0,1459,0.7074393422899539
1019,LSTM_30,RSA_0.5_3,0.3,8528.808535814285,128.5164840221405,2267,0,0,2695,0.45687222893994356
1505,LSTM_10,RSA_0.5_3,0.3,2516.9010484218597,79.96597814559937,1484,0,0,2490,0.37342727730246605
2339,LSTM_7,FDI10,0.3,2506.056834936142,66.5058536529541,4797,0,0,140,0.9716426979947337
2488,LSTM_5,RSA_0.5_3,0.3,2017.4266974925995,64.19100761413574,1481,0,0,3506,0.2969721275315821
1505,LSTM_10,Swap,0.3,2524.1160843372345,78.43676543235779,3316,0,0,658,0.8344237544036236
1282,LSTM_14,RSA_0.25_1.1,0.3,4268.966876506805,70.06043314933777,3478,0,0,1452,0.7054766734279919
2488,LSTM_5,Swap,0.3,1998.2902858257294,82.38506603240967,2213,0,0,2774,0.4437537597754161
2339,LSTM_7,FDI30,0.3,2469.6384320259094,69.55290627479553,4438,0,0,499,0.8989264735669434
2555,LSTM_5,False,0.3,1749.8324410915375,56.13252019882202,0,1818,2497,0,0.4213209733487833
2133,LSTM_10,False,0.3,3066.7367870807648,100.96502470970154,0,2536,1774,0,0.588399071925754
2339,LSTM_7,RSA_0.25_1.1,0.3,2507.532199859619,64.15797090530396,3813,0,0,1124,0.7723313753291473
2555,LSTM_5,Avg,0.3,1917.7172257900238,58.395585775375366,2281,0,0,2370,0.4904321651257794
1282,LSTM_14,RSA_0.5_3,0.3,4175.120025396347,94.22771835327148,2109,0,0,2821,0.427789046653144
1019,LSTM_30,Swap,0.3,8220.564111471176,134.3886260986328,1202,0,0,3760,0.2422410318419992
2339,LSTM_7,RSA_0.5_3,0.3,2474.1739671230316,67.58645510673523,1525,0,0,3412,0.30889203970022283
2555,LSTM_5,FDI10,0.3,1757.318717956543,61.789393186569214,3751,0,0,564,0.8692931633835458
2133,LSTM_10,Avg,0.3,3163.6274058818817,73.75183963775635,3408,0,0,1238,0.7335342229875161
2555,LSTM_5,FDI30,0.3,1766.989467382431,65.73625540733337,3097,0,0,1218,0.717728852838934
2339,LSTM_7,Swap,0.3,2451.565873146057,65.96630477905273,4170,0,0,767,0.8446424954425764
1282,LSTM_14,Swap,0.3,4299.207761764526,88.67843317985535,2369,0,0,2561,0.48052738336713996
2133,LSTM_10,FDI10,0.3,3194.88290643692,74.63698315620422,4182,0,0,128,0.9703016241299304
2555,LSTM_5,RSA_0.25_1.1,0.3,1745.5322978496552,60.76947641372681,2191,0,0,2124,0.5077636152954809
2488,LSTM_7,False,0.3,2462.300188302994,64.45783925056458,0,2260,2725,0,0.45336008024072216
2555,LSTM_5,RSA_0.5_3,0.3,1709.163467168808,60.41518473625183,1267,0,0,3048,0.2936268829663963
1505,LSTM_14,False,0.3,3117.1445863246918,82.67073273658752,0,2942,1028,0,0.7410579345088161
2133,LSTM_10,FDI30,0.3,3109.5375576019287,74.41515302658081,3654,0,0,656,0.8477958236658932
2555,LSTM_5,Swap,0.3,1795.3051841259003,65.25900888442993,1309,0,0,3006,0.3033603707995365
2488,LSTM_7,Avg,0.3,2549.9757623672485,64.96564793586731,2016,0,0,2969,0.4044132397191575
1163,LSTM_30,False,0.3,8247.96614074707,134.07713747024536,0,1420,3302,0,0.30072003388394747
2572,LSTM_5,False,0.3,1928.0510776042938,70.96386170387268,0,3242,1745,0,0.6500902346099859
1505,LSTM_14,Avg,0.3,3520.2483472824097,78.8984375,4771,0,0,207,0.9584170349537967
2133,LSTM_10,RSA_0.25_1.1,0.3,3172.971456050873,65.60168099403381,2927,0,0,1383,0.6791183294663573
2488,LSTM_7,FDI10,0.3,2547.444983959198,56.51196789741516,4845,0,0,140,0.9719157472417251
2572,LSTM_5,Avg,0.3,1930.0453824996948,61.425695180892944,2659,0,0,2328,0.5331862843392822
2488,LSTM_7,FDI30,0.3,2507.7470519542694,69.31404733657837,4303,0,0,682,0.8631895687061184
1505,LSTM_14,FDI10,0.3,3088.3537430763245,81.40265321731567,3867,0,0,103,0.9740554156171285
2133,LSTM_10,RSA_0.5_3,0.3,3062.539309978485,102.33727788925171,1896,0,0,2414,0.43990719257540606
2572,LSTM_5,FDI10,0.3,1876.9756367206573,54.083669662475586,4767,0,0,220,0.95588530178464
2488,LSTM_7,RSA_0.25_1.1,0.3,2530.540081501007,60.017056941986084,3551,0,0,1434,0.7123370110330993
2572,LSTM_5,FDI30,0.3,1945.9128546714783,86.86898112297058,4451,0,0,536,0.8925205534389412
1163,LSTM_30,Avg,0.3,8190.416048288345,120.52017045021057,2213,0,0,2749,0.4459895203546957
1505,LSTM_14,FDI30,0.3,3144.3464267253876,73.81428980827332,3496,0,0,474,0.8806045340050378
2133,LSTM_10,Swap,0.3,3070.855238199234,55.14526009559631,2056,0,0,2254,0.47703016241299306
2572,LSTM_5,RSA_0.25_1.1,0.3,1796.2299947738647,59.32019376754761,3735,0,0,1252,0.7489472628834971
2488,LSTM_7,RSA_0.5_3,0.3,2426.8288929462433,112.92577910423279,852,0,0,4133,0.17091273821464392
2572,LSTM_5,RSA_0.5_3,0.3,1836.807944059372,60.97183394432068,1314,0,0,3673,0.26348506115901343
1505,LSTM_14,RSA_0.25_1.1,0.3,3065.3294813632965,61.57735347747803,3218,0,0,752,0.8105793450881612
2339,LSTM_10,False,0.3,3111.362386226654,64.07688856124878,0,3741,1193,0,0.7582083502229429
2488,LSTM_7,Swap,0.3,2318.7956824302673,57.970776081085205,1526,0,0,3459,0.3061183550651956
2572,LSTM_5,Swap,0.3,1790.736820936203,62.80792760848999,3630,0,0,1357,0.7278925205534389
1505,LSTM_14,RSA_0.5_3,0.3,3011.7875020504,73.03816866874695,528,0,0,3442,0.13299748110831233
2555,LSTM_7,False,0.3,2124.6718513965607,63.48673057556152,0,1163,3150,0,0.26964989566427083
2339,LSTM_10,Avg,0.3,3107.5308516025543,68.32872653007507,1644,0,0,3338,0.3299879566439181
1163,LSTM_30,FDI10,0.3,7856.870570898056,120.52895021438599,4208,0,0,514,0.891147818720881
2555,LSTM_7,Avg,0.3,2298.761182308197,59.85759353637695,2039,0,0,2610,0.4385889438588944
1505,LSTM_14,Swap,0.3,2893.89812374115,72.77421808242798,3157,0,0,813,0.7952141057934509
2339,LSTM_10,FDI10,0.3,2951.137730360031,72.1868224143982,4794,0,0,140,0.9716254560194568
2555,LSTM_7,FDI10,0.3,1993.9630010128021,52.999773263931274,3805,0,0,508,0.8822165546023649
2339,LSTM_10,FDI30,0.3,2868.894535779953,76.68884563446045,4425,0,0,509,0.8968382650993109
2555,LSTM_7,FDI30,0.3,1923.315625667572,76.67600655555725,3172,0,0,1141,0.7354509622072803
2133,LSTM_14,False,0.3,3614.8869376182556,90.58796405792236,0,2680,1626,0,0.6223873664653972
2555,LSTM_7,RSA_0.25_1.1,0.3,1813.544916152954,45.49929404258728,1596,0,0,2717,0.3700440528634361
1163,LSTM_30,FDI30,0.3,7305.17618227005,98.9689519405365,3424,0,0,1298,0.7251164760694621
2339,LSTM_10,RSA_0.25_1.1,0.3,2683.5829870700836,55.58183717727661,3770,0,0,1164,0.7640859343331983
2555,LSTM_7,RSA_0.5_3,0.3,1808.5766224861145,53.350531339645386,615,0,0,3698,0.14259216322745188
2133,LSTM_14,Avg,0.3,3483.2706933021545,61.1208610534668,3505,0,0,1137,0.7550624730719517
2339,LSTM_10,RSA_0.5_3,0.3,2607.285435438156,55.62892985343933,2086,0,0,2848,0.4227807053100932
2555,LSTM_7,Swap,0.3,1770.2087070941925,45.466777324676514,1663,0,0,2650,0.3855784836540691
2133,LSTM_14,FDI10,0.3,3331.54904794693,53.35687017440796,4190,0,0,116,0.9730608453320948
2572,LSTM_7,False,0.3,1974.3718338012695,47.57865023612976,0,3802,1183,0,0.7626880641925777
2339,LSTM_10,Swap,0.3,2641.4430162906647,49.37634754180908,4109,0,0,825,0.8327928658289421
1163,LSTM_30,RSA_0.25_1.1,0.3,6796.5319175720215,91.60405015945435,2568,0,0,2154,0.5438373570520966
2572,LSTM_7,Avg,0.3,1940.3467202186584,47.6162691116333,2261,0,0,2724,0.4535606820461384
2133,LSTM_14,FDI30,0.3,3190.098250389099,54.818793296813965,3724,0,0,582,0.8648397584765444
2488,LSTM_10,False,0.3,2552.1243703365326,51.44942283630371,0,3160,1822,0,0.6342834203131272
2572,LSTM_7,FDI10,0.3,1846.882096529007,75.93628287315369,4757,0,0,228,0.9542627883650953
2488,LSTM_10,Avg,0.3,2605.125328540802,49.191025733947754,914,0,0,4068,0.1834604576475311
2572,LSTM_7,FDI30,0.3,1873.4567108154297,47.265883922576904,4425,0,0,560,0.8876629889669007
2133,LSTM_14,RSA_0.25_1.1,0.3,3211.5543727874756,51.02618384361267,2571,0,0,1735,0.5970738504412447
2572,LSTM_7,RSA_0.25_1.1,0.3,1907.5366387367249,47.3668532371521,3777,0,0,1208,0.7576730190571715
2488,LSTM_10,FDI10,0.3,2632.784912109375,57.699323654174805,4817,0,0,165,0.9668807707747893
1163,LSTM_30,RSA_0.5_3,0.3,6622.1241891384125,68.31094026565552,993,0,0,3729,0.210292249047014
2133,LSTM_14,RSA_0.5_3,0.3,3227.11714720726,79.42676639556885,1306,0,0,3000,0.3032977241058987
2572,LSTM_7,RSA_0.5_3,0.3,1840.612851858139,44.83104109764099,858,0,0,4127,0.17211634904714143
2488,LSTM_10,FDI30,0.3,2558.932492017746,49.15469717979431,4242,0,0,740,0.8514652749899638
2572,LSTM_7,Swap,0.3,1888.499095439911,68.3834707736969,3579,0,0,1406,0.7179538615847543
2133,LSTM_14,Swap,0.3,3152.7513411045074,54.974501609802246,2579,0,0,1727,0.5989317231769624
2488,LSTM_10,RSA_0.25_1.1,0.3,2516.7526388168335,55.42104721069336,3385,0,0,1597,0.6794460056202328
1163,LSTM_30,Swap,0.3,6462.689961194992,88.26063108444214,1897,0,0,2825,0.40173655230834393
2339,LSTM_14,False,0.3,3062.297485589981,42.451491594314575,0,3664,1266,0,0.7432048681541582
2488,LSTM_10,RSA_0.5_3,0.3,2321.069015264511,40.23113751411438,2051,0,0,2931,0.411682055399438
2488,LSTM_10,Swap,0.3,2360.1885578632355,66.13534808158875,1870,0,0,3112,0.3753512645523886
2339,LSTM_14,Avg,0.3,3074.247945547104,45.61689305305481,1673,0,0,3305,0.33607874648453195
2555,LSTM_10,False,0.3,1922.2496271133423,33.159377336502075,0,1276,3034,0,0.2960556844547564
1282,LSTM_30,False,0.3,5818.3075177669525,67.2533483505249,0,3340,1574,0,0.6796906796906796
2339,LSTM_14,FDI10,0.3,2732.376840353012,43.335628509521484,4797,0,0,133,0.9730223123732251
2555,LSTM_10,Avg,0.3,2077.9276716709137,33.10536742210388,2065,0,0,2581,0.4444683598794662
2555,LSTM_10,FDI10,0.3,1872.401010274887,33.055402994155884,3799,0,0,511,0.8814385150812065
2339,LSTM_14,FDI30,0.3,2697.5994851589203,48.73507618904114,4412,0,0,518,0.8949290060851927
2555,LSTM_10,FDI30,0.3,1814.5106582641602,29.445464611053467,2956,0,0,1354,0.6858468677494199
1282,LSTM_30,Avg,0.3,5468.445695638657,66.44152522087097,1178,0,0,3784,0.23740427247077792
2339,LSTM_14,RSA_0.25_1.1,0.3,2691.7723326683044,40.16683506965637,3723,0,0,1207,0.7551724137931034
2555,LSTM_10,RSA_0.25_1.1,0.3,1842.2091147899628,36.96640062332153,2115,0,0,2195,0.49071925754060325
2555,LSTM_10,RSA_0.5_3,0.3,1821.497971534729,31.084035634994507,984,0,0,3326,0.2283062645011601
2339,LSTM_14,RSA_0.5_3,0.3,2743.261348247528,36.67252016067505,1675,0,0,3255,0.33975659229208927
2555,LSTM_10,Swap,0.3,1857.075591802597,35.97743058204651,1289,0,0,3021,0.29907192575406033
1282,LSTM_30,FDI10,0.3,5537.307021379471,62.98565173149109,4672,0,0,242,0.9507529507529507
2339,LSTM_14,Swap,0.3,2715.008125305176,41.22337317466736,4195,0,0,735,0.8509127789046653
2572,LSTM_10,False,0.3,1989.3559098243713,38.185115337371826,0,3737,1245,0,0.7501003613006825
2488,LSTM_14,False,0.3,2747.9907500743866,46.159281969070435,0,3170,1808,0,0.6368019284853355
2572,LSTM_10,Avg,0.3,2056.068583250046,33.76396059989929,2145,0,0,2837,0.43054997992773986
1282,LSTM_30,FDI30,0.3,5492.703908443451,72.75971102714539,4029,0,0,885,0.8199023199023199
2572,LSTM_10,FDI10,0.3,2018.3886322975159,37.22002863883972,4753,0,0,229,0.9540345242874347
2488,LSTM_14,Avg,0.3,2772.1249508857727,39.46035075187683,2254,0,0,2724,0.4527922860586581
2572,LSTM_10,FDI30,0.3,1906.079525232315,48.36039137840271,4402,0,0,580,0.88358089120835
2488,LSTM_14,FDI10,0.3,2619.8857715129852,49.1755633354187,4833,0,0,145,0.9708718360787465
2572,LSTM_10,RSA_0.25_1.1,0.3,1872.5455133914948,32.51468276977539,1459,0,0,3523,0.29285427539140907
1282,LSTM_30,RSA_0.25_1.1,0.3,5241.929942369461,54.68092489242554,3193,0,0,1721,0.6497761497761497
2488,LSTM_14,FDI30,0.3,2548.002370595932,30.295842170715332,4233,0,0,745,0.8503415026114906
2572,LSTM_10,RSA_0.5_3,0.3,1822.2758705615997,26.258164644241333,1267,0,0,3715,0.25431553592934564
2572,LSTM_10,Swap,0.3,1768.5011246204376,27.95964503288269,3712,0,0,1270,0.7450822962665596
2488,LSTM_14,RSA_0.25_1.1,0.3,2386.8474338054657,30.65432381629944,3493,0,0,1485,0.7016874246685416
1282,LSTM_30,RSA_0.5_3,0.3,4699.543210744858,52.4344277381897,2386,0,0,2528,0.48555148555148553
2488,LSTM_14,RSA_0.5_3,0.3,2277.1570699214935,25.733197689056396,2330,0,0,2648,0.4680594616311772
2488,LSTM_14,Swap,0.3,2240.645007133484,41.46766972541809,523,0,0,4455,0.10506227400562475
1282,LSTM_30,Swap,0.3,4497.7206563949585,48.929123878479004,2393,0,0,2521,0.486975986975987
2555,LSTM_14,False,0.3,1965.496770620346,21.79490303993225,0,1202,3104,0,0.2791453785415699
2555,LSTM_14,Avg,0.3,2075.470052242279,29.045109033584595,1794,0,0,2848,0.3864713485566566
1505,LSTM_30,False,0.3,3024.4819185733795,37.72805404663086,0,3102,852,0,0.7845220030349014
2555,LSTM_14,FDI10,0.3,1797.5240643024445,27.772983074188232,3808,0,0,498,0.8843474222015791
2555,LSTM_14,FDI30,0.3,1833.901539325714,23.381101846694946,3161,0,0,1145,0.734091964700418
1505,LSTM_30,Avg,0.3,3292.720052957535,45.960790395736694,4782,0,0,180,0.9637243047158404
2555,LSTM_14,RSA_0.25_1.1,0.3,1826.4189743995667,26.04942297935486,2458,0,0,1848,0.5708313980492337
1505,LSTM_30,FDI10,0.3,2958.750554084778,35.293107748031616,3830,0,0,124,0.9686393525543753
2555,LSTM_14,RSA_0.5_3,0.3,1725.558937072754,20.79574465751648,953,0,0,3353,0.2213190896423595
2555,LSTM_14,Swap,0.3,1679.587427854538,25.41863775253296,1547,0,0,2759,0.3592661402693915
1505,LSTM_30,FDI30,0.3,2758.969136238098,33.34450578689575,3498,0,0,456,0.8846737481031867
2572,LSTM_14,False,0.3,1817.9515023231506,27.261080980300903,0,3961,1017,0,0.7957010847730012
1505,LSTM_30,RSA_0.25_1.1,0.3,2769.1674160957336,34.938822507858276,3279,0,0,675,0.8292867981790591
2572,LSTM_14,Avg,0.3,1888.6828303337097,30.02135181427002,2596,0,0,2382,0.521494576134994
2572,LSTM_14,FDI10,0.3,1823.5803396701813,25.95335817337036,4741,0,0,237,0.9523905182804339
1505,LSTM_30,RSA_0.5_3,0.3,2720.993754386902,30.178122758865356,1705,0,0,2249,0.4312089023773394
2572,LSTM_14,FDI30,0.3,1677.5095932483673,26.32677721977234,4426,0,0,552,0.8891120932101245
1505,LSTM_30,Swap,0.3,2471.888430118561,34.56086564064026,3439,0,0,515,0.8697521497218007
2572,LSTM_14,RSA_0.25_1.1,0.3,1653.7683806419373,18.951580286026,3260,0,0,1718,0.6548814785054239
2572,LSTM_14,RSA_0.5_3,0.3,1643.5924677848816,22.755842685699463,703,0,0,4275,0.14122137404580154
2133,LSTM_30,False,0.3,3233.599892139435,41.80462336540222,0,2263,2027,0,0.5275058275058275
2572,LSTM_14,Swap,0.3,1634.9528245925903,24.427901029586792,3426,0,0,1552,0.6882282040980313
2133,LSTM_30,Avg,0.3,3024.839113473892,32.38076591491699,3603,0,0,1023,0.7788586251621271
2133,LSTM_30,FDI10,0.3,2895.334623336792,27.195491552352905,4181,0,0,109,0.9745920745920746
2133,LSTM_30,FDI30,0.3,2767.8741314411163,20.529600143432617,3653,0,0,637,0.8515151515151516
2133,LSTM_30,RSA_0.25_1.1,0.3,2543.490684747696,25.170023441314697,3051,0,0,1239,0.7111888111888112
2133,LSTM_30,RSA_0.5_3,0.3,2553.490979909897,19.941082000732422,957,0,0,3333,0.2230769230769231
2133,LSTM_30,Swap,0.3,2544.083671092987,24.781886100769043,2219,0,0,2071,0.5172494172494172
2339,LSTM_30,False,0.3,2629.044540166855,24.001715421676636,0,3563,1351,0,0.7250712250712251
2339,LSTM_30,Avg,0.3,2664.7902138233185,28.290407419204712,3983,0,0,979,0.8027005239822652
2339,LSTM_30,FDI10,0.3,2673.5933871269226,27.945841789245605,4790,0,0,124,0.9747659747659748
2339,LSTM_30,FDI30,0.3,2656.878640651703,28.819785594940186,4247,0,0,667,0.8642653642653643
2339,LSTM_30,RSA_0.25_1.1,0.3,2675.456681251526,28.281874895095825,3811,0,0,1103,0.7755392755392755
2339,LSTM_30,RSA_0.5_3,0.3,2668.596348762512,30.85780954360962,3347,0,0,1567,0.6811151811151811
2339,LSTM_30,Swap,0.3,2676.5292971134186,30.38444757461548,4043,0,0,871,0.8227513227513228
2488,LSTM_30,False,0.3,2465.04643034935,24.500805377960205,0,3310,1652,0,0.6670697299476017
2488,LSTM_30,Avg,0.3,2377.160561800003,25.431246757507324,1744,0,0,3218,0.35147118097541313
2488,LSTM_30,FDI10,0.3,2368.9224133491516,26.625616788864136,4785,0,0,177,0.964328899637243
2488,LSTM_30,FDI30,0.3,2367.14870762825,24.548678636550903,4316,0,0,646,0.8698105602579606
2488,LSTM_30,RSA_0.25_1.1,0.3,2365.727196931839,22.009568452835083,3652,0,0,1310,0.7359935509875051
2488,LSTM_30,RSA_0.5_3,0.3,2382.764225959778,24.45908284187317,2664,0,0,2298,0.5368802902055623
2488,LSTM_30,Swap,0.3,2381.808173894882,26.361998081207275,1549,0,0,3413,0.3121725110842402
2555,LSTM_30,False,0.3,2038.2578012943268,22.0459988117218,0,1297,2993,0,0.30233100233100235
2555,LSTM_30,Avg,0.3,2334.635623216629,19.41317367553711,2203,0,0,2423,0.4762213575443147
2555,LSTM_30,FDI10,0.3,2031.097359418869,20.186697244644165,3688,0,0,602,0.8596736596736597
2555,LSTM_30,FDI30,0.3,2038.2809100151062,20.822909116744995,2647,0,0,1643,0.617016317016317
2555,LSTM_30,RSA_0.25_1.1,0.3,2048.397530078888,20.806947946548462,2196,0,0,2094,0.5118881118881119
2555,LSTM_30,RSA_0.5_3,0.3,2054.3186457157135,16.60671901702881,1378,0,0,2912,0.3212121212121212
2555,LSTM_30,Swap,0.3,2044.867026567459,21.82495880126953,1304,0,0,2986,0.303962703962704
2572,LSTM_30,False,0.3,2248.5711493492126,25.265645265579224,0,3910,1052,0,0.7879887142281338
2572,LSTM_30,Avg,0.3,2333.56836605072,23.7713725566864,1224,0,0,3738,0.24667472793228537
2572,LSTM_30,FDI10,0.3,2225.420823097229,24.96571969985962,4715,0,0,247,0.9502216848045143
2572,LSTM_30,FDI30,0.3,2039.3564453125,20.479120016098022,4369,0,0,593,0.8804917372027409
2572,LSTM_30,RSA_0.25_1.1,0.3,1936.1840884685516,19.916301488876343,791,0,0,4171,0.15941152760983474
2572,LSTM_30,RSA_0.5_3,0.3,1959.6304023265839,19.599661350250244,337,0,0,4625,0.06791616283756549
2572,LSTM_30,Swap,0.3,1955.2486000061035,20.670781135559082,3083,0,0,1879,0.6213220475614671
